date,Global_Sales,Name
01-01-2014,1.12,Dragon Age II
02-01-2014,1.12,Moon Patrol
03-01-2014,1.12,Supercar Street Challenge
04-01-2014,1.12,Pilotwings 64
05-01-2014,1.12,Crackdown 2
06-01-2014,1.13,MechAssault
07-01-2014,1.13,ModNation Racers
08-01-2014,1.13,LEGO Star Wars III: The Clone Wars
09-01-2014,1.13,Derby Stallion 99
10-01-2014,1.13,Cars
11-01-2014,1.13,Fantasy Life
12-01-2014,1.13,Tom Clancy's Rainbow Six 3: Black Arrow
13-01-2014,1.13,WWE 2K15
14-01-2014,1.13,Donkey Kong
15-01-2014,1.13,Jampack Winter '98
16-01-2014,1.13,WWE 2K14
17-01-2014,1.13,Alien: Isolation
18-01-2014,1.13,Yakuza 3
19-01-2014,1.13,Pokémon Mystery Dungeon: Red Rescue Team (US weekly sales)
20-01-2014,1.13,The Beatles: Rock Band
21-01-2014,1.14,Pokemon Rumble Blast
22-01-2014,1.14,Action Bass
23-01-2014,1.14,Tenchu: Wrath of Heaven
24-01-2014,1.14,Shadow of the Colossus
25-01-2014,1.14,Brave Fencer Musashi
26-01-2014,1.14,Hot Shots Golf: Out of Bounds
27-01-2014,1.14,Dance Dance Revolution Extreme 2
28-01-2014,1.14,Mirror's Edge
29-01-2014,1.14,Rabbids Go Home
30-01-2014,1.14,South Park
31-01-2014,1.14,Commando
01-02-2014,1.14,Pilotwings
02-02-2014,1.14,Resident Evil - Code: Veronica
03-02-2014,1.14,Super R.C. Pro-Am
04-02-2014,1.14,The Lord of the Rings: The Return of the King
05-02-2014,1.14,LEGO Star Wars: The Video Game
06-02-2014,1.14,Royal Palace of White Sword and The City of Gentiles
07-02-2014,1.14,Guitar Hero 5
08-02-2014,1.14,Mobile Suit Gundam: Federation vs. Zeon
09-02-2014,1.14,Need for Speed Underground 2
10-02-2014,1.15,Worldwide Soccer Manager 2009
11-02-2014,1.15,Omerta: City of Gangsters
12-02-2014,1.15,Gauntlet: Dark Legacy
13-02-2014,1.15,Ninja Gaiden Sigma
14-02-2014,1.15,Bad Boys: Miami Takedown
15-02-2014,1.15,Kaboom!
16-02-2014,1.15,Red Dead Redemption: Undead Nightmare
17-02-2014,1.15,Sonic and the Black Knight
18-02-2014,1.15,Call of Duty 4: Modern Warfare
19-02-2014,1.15,Qix
20-02-2014,1.15,Derby Stallion III
21-02-2014,1.15,Doraemon
22-02-2014,1.15,High School Musical 2: Work This Out!
23-02-2014,1.15,Ratchet & Clank: All 4 One
24-02-2014,1.15,Donkey Konga
25-02-2014,1.15,Fight Night Champion
26-02-2014,1.15,Dragon Quest I & II
27-02-2014,1.15,Tak and the Power of Juju
28-02-2014,1.15,Asteroids
01-03-2014,1.15,Puyo Puyo Sun Ketteiban
02-03-2014,1.16,007: Quantum of Solace
03-03-2014,1.16,EA Sports Active: More Workouts
04-03-2014,1.16,Fallout: New Vegas
05-03-2014,1.16,Need for Speed: Most Wanted
06-03-2014,1.16,Final Fantasy Tactics: The War of the Lions
07-03-2014,1.16,Midnight Club 3: DUB Edition Remix
08-03-2014,1.16,Tom Clancy's Ghost Recon: Jungle Storm
09-03-2014,1.16,SingStar
10-03-2014,1.16,Bushido Blade
11-03-2014,1.16,LEGO Star Wars III: The Clone Wars
12-03-2014,1.16,NASCAR Thunder 2002
13-03-2014,1.16,Jet Force Gemini
14-03-2014,1.16,Mega Man X
15-03-2014,1.16,Yu-Gi-Oh! The Sacred Cards (American and Others sales)
16-03-2014,1.16,Sega Rally Championship
17-03-2014,1.16,Test Drive: Off Road
18-03-2014,1.16,Medal of Honor Heroes 2
19-03-2014,1.16,Sniper: Ghost Warrior
20-03-2014,1.16,Rocksmith
21-03-2014,1.16,LEGO Star Wars: The Video Game
22-03-2014,1.16,FIFA Soccer 10
23-03-2014,1.16,Plants vs. Zombies: Garden Warfare
24-03-2014,1.17,Spore
25-03-2014,1.17,Soviet Strike
26-03-2014,1.17,Your Shape: Fitness Evolved 2012
27-03-2014,1.17,Army of Two
28-03-2014,1.17,Gun
29-03-2014,1.17,Ty the Tasmanian Tiger
30-03-2014,1.17,Wario Land: Shake It!
31-03-2014,1.17,Sonic Rush Adventure
01-04-2014,1.17,Medal of Honor: Warfighter
02-04-2014,1.17,Mega Man 3
03-04-2014,1.17,Ratchet & Clank (2016)
04-04-2014,1.17,Mission: Impossible
05-04-2014,1.17,Romancing SaGa 2
06-04-2014,1.17,Cabela's Dangerous Hunts
07-04-2014,1.17,Cool Boarders 4
08-04-2014,1.17,Rage Racer
09-04-2014,1.17,Medal of Honor: Rising Sun
10-04-2014,1.17,Football Manager 2013
11-04-2014,1.17,Destruction Derby 2
12-04-2014,1.17,Mirror's Edge
13-04-2014,1.17,Destiny: The Taken King
14-04-2014,1.17,Mario vs. Donkey Kong
15-04-2014,1.18,Metal Gear Solid VR Missions
16-04-2014,1.18,Pole Position
17-04-2014,1.18,Resident Evil: Operation Raccoon City
18-04-2014,1.18,LEGO Indiana Jones: The Original Adventures
19-04-2014,1.18,Pro Yakyuu Family Stadium '88
20-04-2014,1.18,Shenmue
21-04-2014,1.18,Mario Tennis
22-04-2014,1.18,Tony Hawk's Pro Skater 2
23-04-2014,1.18,WWE '12
24-04-2014,1.18,WWE SmackDown vs. Raw 2010
25-04-2014,1.18,Plants vs. Zombies
26-04-2014,1.18,Sonic the Hedgehog
27-04-2014,1.18,Super Ghouls 'n Ghosts
28-04-2014,1.19,WWE 2K14
29-04-2014,1.19,Metal Gear Solid: Portable Ops
30-04-2014,1.19,Nuclear Strike
01-05-2014,1.19,Captain Toad: Treasure Tracker
02-05-2014,1.19,WWE SmackDown vs Raw 2008
03-05-2014,1.19,The Simpsons: Road Rage
04-05-2014,1.19,Pro Evolution Soccer 2008
05-05-2014,1.19,SpongeBob SquarePants: Revenge of the Flying Dutchman
06-05-2014,1.19,Mario & Sonic at the London 2012 Olympic Games
07-05-2014,1.19,Scarface: The World is Yours
08-05-2014,1.19,Kobe Bryant in NBA Courtside
09-05-2014,1.19,Disney's Chip 'n Dale: Rescue Rangers
10-05-2014,1.19,The Dukes of Hazzard: Racing for Home
11-05-2014,1.19,Hitman 2: Silent Assassin
12-05-2014,1.19,FIFA 14
13-05-2014,1.19,Spider-Man: The Movie
14-05-2014,1.19,Final Fantasy I & II: Dawn of Souls
15-05-2014,1.19,NBA 2K17
16-05-2014,1.19,Pokemon Super Mystery Dungeon
18-05-2014,1.19,Just Dance 4
19-05-2014,1.2,World Soccer Winning Eleven 9 (JP & Others sales)
20-05-2014,1.2,The Lord of the Rings: The Fellowship of the Ring
21-05-2014,1.2,LEGO Star Wars III: The Clone Wars
22-05-2014,1.2,ATV Offroad Fury 3
23-05-2014,1.2,Pikmin 2
24-05-2014,1.2,Just Dance 2016
25-05-2014,1.2,Disney Sing It
26-05-2014,1.2,Battlefield: Hardline
27-05-2014,1.2,WWE 2K16
28-05-2014,1.2,Dragon Ball Z: La Legende Saien
29-05-2014,1.2,TwinBee
30-05-2014,1.2,Ganbare Goemon! Karakuri Douchuu
31-05-2014,1.2,NFL 2K
01-06-2014,1.2,SolarStriker
02-06-2014,1.2,Enter the Matrix
03-06-2014,1.2,NHL 2002
04-06-2014,1.2,Mario vs. Donkey Kong 2: March of the Minis
05-06-2014,1.2,PokéPark Wii: Pikachu's Adventure
06-06-2014,1.2,One Piece: Pirate Warriors
07-06-2014,1.21,Cars
08-06-2014,1.21,Fuzion Frenzy
09-06-2014,1.21,Call of Duty: Finest Hour
10-06-2014,1.21,FIFA Soccer 11
11-06-2014,1.21,Sly Cooper and the Thievius Raccoonus
12-06-2014,1.21,LEGO Indiana Jones 2: The Adventure Continues
13-06-2014,1.21,The Magical Quest starring Mickey Mouse
14-06-2014,1.21,Dragon Quest IV: Michibikareshi Monotachi
15-06-2014,1.21,Star Wars Episode 1: Jedi Power Battles
16-06-2014,1.21,Dino Crisis 2
17-06-2014,1.21,Need for Speed Underground
18-06-2014,1.21,Shrek / Shrek 2 2-in-1 Gameboy Advance Video
19-06-2014,1.21,Test Drive 4
20-06-2014,1.21,FIFA Soccer 07
21-06-2014,1.22,LEGO Batman 2: DC Super Heroes
22-06-2014,1.22,Naruto Shippuden: Ultimate Ninja Storm 2
23-06-2014,1.22,Mario Power Tennis
24-06-2014,1.22,Intelligent Qube
25-06-2014,1.22,Game & Watch Gallery 2
26-06-2014,1.22,Game & Watch Gallery 3
27-06-2014,1.22,Pac-Man
28-06-2014,1.22,Parfait: Chocolat Second Style
29-06-2014,1.22,F1 2011
30-06-2014,1.22,Cars
01-07-2014,1.22,NBA Live 99
02-07-2014,1.22,Chocobo no Fushigi Dungeon
03-07-2014,1.22,Golden Sun: The Lost Age
04-07-2014,1.22,SimCity 2000
05-07-2014,1.22,Max Payne
06-07-2014,1.22,WCW Mayhem
07-07-2014,1.22,NBA 2K2
08-07-2014,1.22,NASCAR Thunder 2003
09-07-2014,1.22,Super Street Fighter IV: 3D Edition
10-07-2014,1.23,Ben 10: Protector of Earth
11-07-2014,1.23,Frogger: The Great Quest
12-07-2014,1.23,2010 FIFA World Cup South Africa
13-07-2014,1.23,Ninja Gaiden
14-07-2014,1.23,Crash Bandicoot: The Wrath of Cortex
15-07-2014,1.23,Driv3r
16-07-2014,1.23,Disney's Tarzan / Disney's Aladdin in Nasira's Revenge / Disney's The Emperor's New Groove Action Game
17-07-2014,1.23,Farming Simulator 2015
18-07-2014,1.23,Guitar Hero: Aerosmith
19-07-2014,1.23,Medal of Honor: Airborne
20-07-2014,1.23,Kirby Tilt 'n' Tumble
21-07-2014,1.23,SpongeBob SquarePants: Battle for Bikini Bottom
22-07-2014,1.23,Vigilante 8
23-07-2014,1.23,Castlevania
24-07-2014,1.23,Donkey Kong Country 2
25-07-2014,1.23,Bayonetta
26-07-2014,1.23,"WarioWare, Inc.: Mega MicroGame$"
27-07-2014,1.23,Star Wars: Battlefront II
28-07-2014,1.23,Madden NFL 17
29-07-2014,1.23,Boom Blox
30-07-2014,1.23,Fallout 4
31-07-2014,1.23,The Sims 2: Castaway
01-08-2014,1.24,Ratchet: Deadlocked
02-08-2014,1.24,Baldur's Gate: Dark Alliance
03-08-2014,1.24,Transformers: Autobots / Decepticons
04-08-2014,1.24,Tales of Xillia
05-08-2014,1.24,Diddy Kong Racing DS
06-08-2014,1.24,[Prototype]
07-08-2014,1.24,Assassin's Creed: Bloodlines
08-08-2014,1.24,Oddworld: Abe's Oddysee
09-08-2014,1.24,The Witcher 3: Wild Hunt
10-08-2014,1.24,Ridge Racer V
11-08-2014,1.24,WWE SmackDown vs. Raw 2009
12-08-2014,1.24,Tetris 2 (All region sales)
13-08-2014,1.24,Star Wars Episode III: Revenge of the Sith
14-08-2014,1.25,SOCOM: U.S. Navy SEALs Confrontation
15-08-2014,1.25,NBA Live 2001
16-08-2014,1.25,Star Wars: The Force Unleashed
17-08-2014,1.25,Combat
18-08-2014,1.25,Tom Clancy's Rainbow Six: Vegas
19-08-2014,1.25,Dragon Ball: Daimaou Fukkatsu
20-08-2014,1.25,Gegege no Kitarou 2: Youkai Gundan no Chousen
21-08-2014,1.25,Reel Fishing
22-08-2014,1.25,Injustice: Gods Among Us
23-08-2014,1.25,Pokemon XD: Gale of Darkness
24-08-2014,1.25,Black
25-08-2014,1.25,RollerCoaster Tycoon 2
26-08-2014,1.25,Lara Croft Tomb Raider: The Angel of Darkness
27-08-2014,1.25,Tom Clancy's Splinter Cell: Pandora Tomorrow
28-08-2014,1.25,Road Rash 3D
29-08-2014,1.26,Kung Fu Panda
30-08-2014,1.26,Tamagotchi Connection: Corner Shop
31-08-2014,1.26,Football Manager 2011
01-09-2014,1.26,Devil Dice
02-09-2014,1.26,Final Fantasy IV
03-09-2014,1.26,Hyrule Warriors
04-09-2014,1.26,Need for Speed Carbon
05-09-2014,1.26,Championship Manager 03/04
06-09-2014,1.26,Brian Lara Cricket
07-09-2014,1.26,Ratatouille
08-09-2014,1.26,Wheel of Fortune
09-09-2014,1.26,LEGO The Lord of the Rings
10-09-2014,1.26,Winter Sports: The Ultimate Challenge
11-09-2014,1.27,Tomb Raider: Underworld
12-09-2014,1.27,Castlevania: Symphony of the Night
13-09-2014,1.27,The Sims 2: Nightlife
14-09-2014,1.27,LEGO Batman: The Videogame
15-09-2014,1.27,Road Rash
16-09-2014,1.27,Pokemon Mystery Dungeon: Gates to Infinity
17-09-2014,1.27,Atlantis
18-09-2014,1.27,NBA 2K9
19-09-2014,1.27,WWE '12
20-09-2014,1.27,Tony Hawk's Underground
21-09-2014,1.27,Hogan's Alley
22-09-2014,1.27,The Elder Scrolls Online
23-09-2014,1.27,Jillian Michaels' Fitness Ultimatum 2009
24-09-2014,1.27,.hack//Infection Part 1
25-09-2014,1.27,Rockstar Games presents Table Tennis
26-09-2014,1.27,Sonic Adventure DX: Director's Cut
27-09-2014,1.27,Jet Li: Rise to Honor
28-09-2014,1.27,Battle Arena Toshinden
29-09-2014,1.27,Yokai Watch 3
30-09-2014,1.28,Champions of Norrath
01-10-2014,1.28,Watch Dogs
02-10-2014,1.28,Imagine: Wedding Designer
03-10-2014,1.28,Metal Gear Solid V: Ground Zeroes
04-10-2014,1.28,Yakuman
05-10-2014,1.28,Assassin's Creed Syndicate
06-10-2014,1.28,Army Men 3D
07-10-2014,1.28,WWE '13
08-10-2014,1.28,Twisted Metal 4
09-10-2014,1.28,Manhunt
10-10-2014,1.28,Kid Icarus: Uprising
11-10-2014,1.28,Silent Hill 2
12-10-2014,1.29,Need for Speed Carbon
13-10-2014,1.29,Yoshi's Woolly World
14-10-2014,1.29,Mega Man Battle Network 3 Blue / White Version
15-10-2014,1.29,FIFA Street
16-10-2014,1.29,Resident Evil Zero
17-10-2014,1.29,Need for Speed: Most Wanted
18-10-2014,1.29,Tom Clancy's Rainbow Six: Siege
19-10-2014,1.29,Pirates of the Caribbean: The Curse of the Black Pearl
20-10-2014,1.29,Transformers
21-10-2014,1.29,Guitar Hero: Aerosmith
22-10-2014,1.29,Mystery Case Files: MillionHeir
23-10-2014,1.29,Valkyria Chronicles
24-10-2014,1.29,Midnight Club 3: DUB Edition (America weekly sales)
25-10-2014,1.3,Adventure
26-10-2014,1.3,Yu-Gi-Oh! The Sacred Cards
27-10-2014,1.3,Crysis 2
28-10-2014,1.3,NBA Live 07
29-10-2014,1.3,Saints Row IV
30-10-2014,1.3,SingStar '80s
31-10-2014,1.3,EA Playground
01-11-2014,1.3,Test Drive 5
02-11-2014,1.3,Romancing SaGa 3
03-11-2014,1.3,EA Sports Active 2
04-11-2014,1.3,Digimon World
05-11-2014,1.3,Rise of the Tomb Raider
06-11-2014,1.31,TNN Motor Sports Hardcore 4x4
07-11-2014,1.31,IHRA Drag Racing 2
08-11-2014,1.31,The Beatles: Rock Band
09-11-2014,1.31,Tekken 6
10-11-2014,1.31,[Prototype]
11-11-2014,1.31,Deal or No Deal
12-11-2014,1.31,Madagascar
13-11-2014,1.31,Rugrats Studio Tour
14-11-2014,1.31,LEGO Battles
15-11-2014,1.31,Pitfall II: Lost Caverns
16-11-2014,1.31,Turok: Evolution
17-11-2014,1.31,High School Musical 3: Senior Year DANCE!
18-11-2014,1.31,Gold's Gym: Cardio Workout
19-11-2014,1.31,Burnout 3: Takedown
20-11-2014,1.32,Middle-Earth: Shadow of Mordor
21-11-2014,1.32,Need for Speed Underground Rivals
22-11-2014,1.32,LEGO Batman: The Videogame
23-11-2014,1.32,Dark Souls II
24-11-2014,1.32,World of Warcraft: Wrath of the Lich King
25-11-2014,1.32,Kingdom Hearts II
26-11-2014,1.32,The LEGO Movie Videogame
27-11-2014,1.32,TOCA 2: Touring Cars
28-11-2014,1.32,Gyromite
29-11-2014,1.32,NFL 2K3
30-11-2014,1.32,Fighting Force
01-12-2014,1.32,Mega Man Battle Network 4: Red Sun / Blue Moon
02-12-2014,1.32,MAG: Massive Action Game
03-12-2014,1.32,Madden NFL 97
04-12-2014,1.32,Cars 2
05-12-2014,1.32,Skylanders Giants
06-12-2014,1.32,LEGO Batman: The Videogame
07-12-2014,1.33,WWE SmackDown vs Raw 2008
08-12-2014,1.33,Ratchet & Clank: Up Your Arsenal (Weekly american sales)
09-12-2014,1.33,Your Shape: Fitness Evolved
10-12-2014,1.33,Rage
11-12-2014,1.33,Skylanders SWAP Force
12-12-2014,1.33,NBA 2K14
13-12-2014,1.33,Spider-Man: The Movie
14-12-2014,1.33,WWF War Zone
15-12-2014,1.33,Tony Hawk's Pro Skater
16-12-2014,1.33,The Sims: Bustin' Out
17-12-2014,1.33,Triple Play 2001
18-12-2014,1.33,Metroid Prime 2: Echoes
19-12-2014,1.33,UFC Undisputed 2010
20-12-2014,1.33,Final Fantasy X / X-2 HD Remaster
21-12-2014,1.33,Corvette
22-12-2014,1.33,Petz Wild Animals: Dolphinz
23-12-2014,1.33,Pokemon Ranger: Guardian Signs
24-12-2014,1.34,Test Drive
25-12-2014,1.34,Mario & Luigi: Partners in Time
26-12-2014,1.34,Lost Planet: Extreme Condition
27-12-2014,1.34,Mortal Kombat 3
28-12-2014,1.34,Doom 3
29-12-2014,1.34,Donkey Kong Jungle Beat
30-12-2014,1.34,Need for Speed Carbon
31-12-2014,1.34,Max Payne 2: The Fall of Max Payne
01-01-2015,1.34,Command & Conquer: Red Alert 2
02-01-2015,1.34,MVP Baseball 2004
03-01-2015,1.35,Marvel vs. Capcom 3: Fate of Two Worlds
04-01-2015,1.35,Dance Dance Revolution (Japan)
05-01-2015,1.35,F1 2010
06-01-2015,1.35,Madden NFL 98
07-01-2015,1.35,FIFA Soccer 09
08-01-2015,1.35,Namco Museum DS
09-01-2015,1.35,FIFA Soccer 08
10-01-2015,1.35,Grand Theft Auto: Chinatown Wars
11-01-2015,1.35,Alan Wake
12-01-2015,1.35,Battlefield: Bad Company
13-01-2015,1.35,Mortal Kombat X
14-01-2015,1.35,Samurai Warriors
15-01-2015,1.35,The Simpsons: Hit & Run
16-01-2015,1.35,Devil May Cry 4
17-01-2015,1.35,Tom Clancy's Rainbow Six: Vegas 2
18-01-2015,1.35,Monster Hunter Freedom
19-01-2015,1.35,Crysis 2
20-01-2015,1.35,SaGa Frontier
21-01-2015,1.35,SingStar Party
22-01-2015,1.35,FIFA Soccer 08
23-01-2015,1.35,The ICO & Shadow of the Colossus Collection
24-01-2015,1.36,NBA 2K15
25-01-2015,1.36,Tom Clancy's Ghost Recon 2
26-01-2015,1.36,Crash Bandicoot 2: N-Tranced
27-01-2015,1.36,Burnout Paradise
28-01-2015,1.36,SingStar Abba
29-01-2015,1.36,Gradius
30-01-2015,1.36,Dragon Quest III: Soshite Densetsu e...
31-01-2015,1.36,Centipede
01-02-2015,1.36,Yoshi's New Island
02-02-2015,1.36,Ryse: Son of Rome
03-02-2015,1.36,Dead to Rights
04-02-2015,1.36,LEGO Harry Potter: Years 5-7
05-02-2015,1.37,LEGO Indiana Jones: The Original Adventures
06-02-2015,1.37,Assassin's Creed: Rogue
07-02-2015,1.37,Ridge Racer 7
08-02-2015,1.37,A Collection of Activision Classic Games for the Atari 2600
09-02-2015,1.37,Forza Horizon 2
10-02-2015,1.37,MotorStorm: Pacific Rift
11-02-2015,1.37,Sonic Colors
12-02-2015,1.37,Star Wars Knights of the Old Republic II: The Sith Lords
13-02-2015,1.37,LEGO Harry Potter: Years 1-4
14-02-2015,1.37,Pocket Monsters Stadium
15-02-2015,1.38,True Crime: Streets of LA
16-02-2015,1.38,The Sims 2
17-02-2015,1.38,Paper Mario
18-02-2015,1.38,Bravely Default: Flying Fairy
19-02-2015,1.38,Titanfall
20-02-2015,1.38,Duke Nukem: Time to Kill
21-02-2015,1.38,Persona 4: Golden
22-02-2015,1.38,Dead Rising 2
23-02-2015,1.38,Hasbro Family Game Night 2
24-02-2015,1.38,Disney Princess: Enchanted Journey
25-02-2015,1.38,Gardening Mama
26-02-2015,1.38,Dave Mirra Freestyle BMX 2
27-02-2015,1.38,Need for Speed: The Run
28-02-2015,1.39,Madden NFL 2002
01-03-2015,1.39,Doom (2016)
02-03-2015,1.39,Final Fantasy XII: Revenant Wings
03-03-2015,1.39,Bakugan: Battle Brawlers
04-03-2015,1.39,Deus Ex: Human Revolution
05-03-2015,1.39,NBA Jam
06-03-2015,1.39,Teenage Mutant Ninja Turtles III: The Manhattan Project
07-03-2015,1.39,Dynasty Warriors 5
08-03-2015,1.39,Hannah Montana: Spotlight World Tour
09-03-2015,1.39,WWE '13
10-03-2015,1.39,Deus Ex: Human Revolution
11-03-2015,1.4,Call of Duty: Black Ops
12-03-2015,1.4,Spider-Man: The Movie
13-03-2015,1.4,Need For Speed: Undercover
14-03-2015,1.4,2Xtreme
15-03-2015,1.4,Far Cry 2
16-03-2015,1.4,Sonic Advance 3
17-03-2015,1.4,Final Fantasy III
18-03-2015,1.4,Battlefield 4
19-03-2015,1.4,Colin McRae Rally 3
20-03-2015,1.41,Tomb Raider (2013)
21-03-2015,1.41,LEGO Star Wars II: The Original Trilogy
22-03-2015,1.41,Toy Story 3: The Video Game
23-03-2015,1.41,Fight Night Round 4
24-03-2015,1.41,LEGO Star Wars: The Video Game
25-03-2015,1.41,Injustice: Gods Among Us
26-03-2015,1.41,Madden NFL 15
27-03-2015,1.41,Disney's The Lion King
28-03-2015,1.41,Ridge Racer
29-03-2015,1.41,Metroid: Other M
30-03-2015,1.41,Knockout Kings 2000
31-03-2015,1.41,Gran Turismo 4 Prologue
01-04-2015,1.41,Twisted Metal: Black
02-04-2015,1.41,NASCAR 2005: Chase for the Cup
03-04-2015,1.42,Dragon Quest VII: Warriors of Eden
04-04-2015,1.42,Cabela's Big Game Hunter
05-04-2015,1.42,UFC Undisputed 2010
06-04-2015,1.42,NBA Live 06 (Weekly american sales)
07-04-2015,1.42,The Legend of Zelda: The Minish Cap
08-04-2015,1.42,NFL Street
09-04-2015,1.42,Sonic Generations
10-04-2015,1.42,Super Metroid
11-04-2015,1.42,Pro Yakyuu Family Stadium '87
12-04-2015,1.42,Dead Space
13-04-2015,1.42,Resident Evil (Remake)
14-04-2015,1.42,Inazuma Eleven 2
15-04-2015,1.43,Frogger 2: Swampy's Revenge
16-04-2015,1.43,Disney Infinity
17-04-2015,1.43,LEGO Indiana Jones 2: The Adventure Continues
18-04-2015,1.43,Sonic's Ultimate Genesis Collection
19-04-2015,1.43,Tiger Woods PGA Tour 09 All-Play
20-04-2015,1.43,Disney's DuckTales
21-04-2015,1.43,Classic NES Series: Super Mario Bros.
22-04-2015,1.43,Triple Play 2000
23-04-2015,1.44,Hello Kitty Party
24-04-2015,1.44,SingStar Pop
25-04-2015,1.44,Sonic Rivals
26-04-2015,1.44,SimCity (2013)
27-04-2015,1.44,Kirby Super Star
28-04-2015,1.44,Far Cry 4
29-04-2015,1.44,WWE SmackDown vs Raw 2008
30-04-2015,1.44,Kinect Joy Ride
01-05-2015,1.44,Rayman Raving Rabbids
02-05-2015,1.44,Need for Speed Rivals
03-05-2015,1.44,Tiger Woods PGA Tour 2005
04-05-2015,1.44,Dead Space 2
05-05-2015,1.44,NCAA Football 2003
06-05-2015,1.45,Onimusha 3: Demon Siege
07-05-2015,1.45,Diablo III
08-05-2015,1.45,Batman: Arkham Knight
09-05-2015,1.45,BioShock
10-05-2015,1.45,Red Dead Revolver
11-05-2015,1.45,Anno 2070
12-05-2015,1.45,Resident Evil: Outbreak
13-05-2015,1.45,Smarty Pants
14-05-2015,1.45,Tamagotchi
15-05-2015,1.45,4 Nin uchi Mahjong
16-05-2015,1.45,Dragon Ball Z
17-05-2015,1.45,Game de Hakken!! Tamagotchi 2
18-05-2015,1.45,Namco Museum 64
19-05-2015,1.45,Hasbro Family Game Night
20-05-2015,1.45,Dragon Quest Monsters: Joker 2
21-05-2015,1.45,Tony Hawk's American Wasteland (Weekly american sales)
22-05-2015,1.45,My Word Coach
23-05-2015,1.46,Xenogears
24-05-2015,1.46,The SpongeBob SquarePants Movie
25-05-2015,1.46,Tom Clancy's Ghost Recon: Future Soldier
26-05-2015,1.46,Battlefield: Bad Company
27-05-2015,1.46,Midway Arcade Treasures
28-05-2015,1.46,Wall-E
29-05-2015,1.46,Triple Play 99
30-05-2015,1.46,Homefront
31-05-2015,1.46,Super Monkey Ball
01-06-2015,1.46,Donkey Kong
02-06-2015,1.46,Mortal Kombat 4
03-06-2015,1.46,Mario Superstar Baseball
04-06-2015,1.46,Mass Effect 3
05-06-2015,1.46,LEGO Batman 2: DC Super Heroes
06-06-2015,1.46,Medal of Honor: Warfighter
07-06-2015,1.46,WCW vs the World
08-06-2015,1.46,SNK vs. Capcom: The Match of the Millennium
09-06-2015,1.46,LEGO City Undercover
10-06-2015,1.47,Imagine: Master Chef
11-06-2015,1.47,Assassin's Creed III: Liberation
12-06-2015,1.47,SoulCalibur IV
13-06-2015,1.47,Mario Golf
14-06-2015,1.47,Disney Princess
15-06-2015,1.47,Fight Night Round 3
16-06-2015,1.47,Metal Gear Rising: Revengeance
17-06-2015,1.47,Chrono Trigger
18-06-2015,1.47,Star Wars: The Force Unleashed II
19-06-2015,1.47,The House of the Dead 2 & 3 Return
20-06-2015,1.47,Disney Princess: Magical Jewels
21-06-2015,1.47,LittleBigPlanet PS Vita
22-06-2015,1.48,New Play Control! Mario Power Tennis
23-06-2015,1.48,Bratz: Forever Diamondz
24-06-2015,1.48,Dirge of Cerberus: Final Fantasy VII
25-06-2015,1.48,Nintendo World Cup
26-06-2015,1.48,WWF WrestleMania 2000
27-06-2015,1.48,Wario Land II
28-06-2015,1.48,Mass Effect 2
29-06-2015,1.48,Major League Baseball 2K5
30-06-2015,1.48,Fight Night 2004
01-07-2015,1.48,Tom Clancy's Splinter Cell: Pandora Tomorrow
02-07-2015,1.49,Disney Sing It: Pop Hits
03-07-2015,1.49,Final Fantasy: Crystal Chronicles
04-07-2015,1.49,Medal of Honor: Frontline
05-07-2015,1.49,Madden NFL 09
06-07-2015,1.49,Drawn To Life: SpongeBob SquarePants Edition
07-07-2015,1.49,Banjo-Tooie
08-07-2015,1.49,Buzz! The BIG Quiz
09-07-2015,1.49,007: Quantum of Solace
10-07-2015,1.49,The Sims 3
11-07-2015,1.5,SoulCalibur II
12-07-2015,1.5,Resistance 3
13-07-2015,1.5,Tokyo Xtreme Racer Zero
14-07-2015,1.5,Final Fantasy XIV: A Realm Reborn
15-07-2015,1.5,NFL Blitz
16-07-2015,1.5,Red Faction II
17-07-2015,1.5,Super Scribblenauts
18-07-2015,1.5,Madden NFL 2001
19-07-2015,1.5,WWF No Mercy
20-07-2015,1.5,Ice Climber
21-07-2015,1.5,Sonic CD
22-07-2015,1.5,Ninja Hattori Kun: Ninja wa Shuugyou Degogiru no Maki
23-07-2015,1.5,Dead Rising 2
24-07-2015,1.5,Rock Band 2
25-07-2015,1.5,Pac-Man World
26-07-2015,1.51,Pac-Man World 2
27-07-2015,1.51,Madden NFL 15
28-07-2015,1.51,Sonic & Sega All-Stars Racing
29-07-2015,1.51,LEGO Star Wars III: The Clone Wars
30-07-2015,1.51,Football Manager 2012
31-07-2015,1.51,Puzzle & Dragons
01-08-2015,1.51,Mega Man 2
02-08-2015,1.51,Simpsons Wrestling
03-08-2015,1.51,NBA Live 98
04-08-2015,1.51,The Simpsons Game
05-08-2015,1.51,Monopoly
06-08-2015,1.52,Donkey Kong Country: Tropical Freeze
07-08-2015,1.52,Dead Space 2
08-08-2015,1.52,Sonic Rivals 2
09-08-2015,1.52,Knockout Kings
10-08-2015,1.52,The Simpsons Skateboarding
11-08-2015,1.52,NASCAR 98
12-08-2015,1.52,F1 Race
13-08-2015,1.52,Xevious
14-08-2015,1.52,NASCAR 99
15-08-2015,1.52,NBA Live 2000
16-08-2015,1.52,Mafia II
17-08-2015,1.52,Call of Duty 3
18-08-2015,1.52,Super Monkey Ball 2
19-08-2015,1.53,Call of Duty: Black Ops II
20-08-2015,1.53,Fight Night Round 4
21-08-2015,1.53,MySims Kingdom
22-08-2015,1.53,The Simpsons Game
23-08-2015,1.53,Mortal Kombat 3
24-08-2015,1.53,NFL GameDay 99
25-08-2015,1.53,Call of Duty: Modern Warfare: Reflex Edition
26-08-2015,1.53,FIFA 17
27-08-2015,1.53,Mario Golf: Toadstool Tour
28-08-2015,1.53,Tiger Woods 99 PGA Tour Golf
29-08-2015,1.54,Dead Rising 3
30-08-2015,1.54,Resident Evil: The Umbrella Chronicles
31-08-2015,1.54,Fire Emblem Fates
01-09-2015,1.54,Dark Cloud
02-09-2015,1.54,Warcraft III: The Frozen Throne
03-09-2015,1.54,Tom Clancy's Ghost Recon Advanced Warfighter
04-09-2015,1.54,Disney Fairies: Tinker Bell
05-09-2015,1.54,MVP Baseball 2005
06-09-2015,1.54,Die Hard Trilogy
07-09-2015,1.55,Mafia II
08-09-2015,1.55,Dishonored
09-09-2015,1.55,Stuntman
10-09-2015,1.55,Tom Clancy's Rainbow Six 3
11-09-2015,1.55,Active Life: Outdoor Challenge
12-09-2015,1.55,BioShock 2
13-09-2015,1.55,007: The World is not Enough
14-09-2015,1.55,Spider-Man 2: Enter: Electro
15-09-2015,1.55,Watch Dogs
16-09-2015,1.55,Star Wars: The Force Unleashed II
17-09-2015,1.55,Ni no Kuni: Wrath of the White Witch
18-09-2015,1.55,Command & Conquer: Tiberian Sun
19-09-2015,1.55,LEGO Battles: Ninjago
20-09-2015,1.55,Mario Party 10
21-09-2015,1.56,Pro Evolution Soccer 2013
22-09-2015,1.56,Smuggler's Run
23-09-2015,1.56,Fight Night Round 3
24-09-2015,1.56,Donkey Kong Classics
25-09-2015,1.56,Twisted Metal
26-09-2015,1.56,Dark Souls III
27-09-2015,1.56,Final Fight
28-09-2015,1.56,Dragon Quest Monsters 2
29-09-2015,1.56,Pokemon Pinball: Ruby & Sapphire
30-09-2015,1.56,LEGO Marvel Super Heroes
01-10-2015,1.57,Pro Evolution Soccer 2010
02-10-2015,1.57,NCAA Football 2002
03-10-2015,1.57,Conflict: Desert Storm
04-10-2015,1.57,Mario Party 7
05-10-2015,1.58,Wolfenstein: The New Order
06-10-2015,1.58,Carnival Games: Mini Golf
07-10-2015,1.58,Guitar Hero: On Tour Decades
08-10-2015,1.58,MySims Kingdom
09-10-2015,1.58,Jampack Summer 2K
10-10-2015,1.58,Need for Speed: Most Wanted
11-10-2015,1.58,Guitar Hero 5
12-10-2015,1.58,High School Musical 3: Senior Year
13-10-2015,1.58,Kingdom Hearts 3D: Dream Drop Distance
14-10-2015,1.58,Hannah Montana: Music Jam
15-10-2015,1.58,Pokemon Mystery Dungeon: Explorers of Sky
16-10-2015,1.58,Spyro 2: Season of Flame
17-10-2015,1.59,ESPN NBA 2K5
18-10-2015,1.59,Diablo
19-10-2015,1.59,The Legend of Zelda: Twilight Princess
20-10-2015,1.59,Soul Edge
21-10-2015,1.59,Devil May Cry 4
22-10-2015,1.59,Mario Bros.
23-10-2015,1.59,Pro Evolution Soccer 2008
24-10-2015,1.59,SoulCalibur IV
25-10-2015,1.59,LEGO Harry Potter: Years 1-4
26-10-2015,1.59,NASCAR 2000
27-10-2015,1.6,Dance Dance Revolution: Hottest Party 2
28-10-2015,1.6,Moshi Monsters: Moshling Zoo
29-10-2015,1.6,Dollar Dash
30-10-2015,1.6,Far Cry 2
31-10-2015,1.6,F-1 World Grand Prix
01-11-2015,1.6,River Raid
02-11-2015,1.6,Silent Hill
03-11-2015,1.6,Dragon Quest V: Hand of the Heavenly Bride
04-11-2015,1.6,No Man's Sky
05-11-2015,1.6,Sonic Heroes
06-11-2015,1.61,Pokemon Battle Revolution
07-11-2015,1.61,NFL Street 2
08-11-2015,1.61,Gears of War: Judgment
09-11-2015,1.61,Baseball
10-11-2015,1.61,Yu-Gi-Oh! Duel Monsters
11-11-2015,1.61,Super Mario Strikers
12-11-2015,1.61,Buzz! The Music Quiz
13-11-2015,1.61,SpongeBob's Atlantis SquarePantis
14-11-2015,1.61,Far Cry 4
15-11-2015,1.62,NCAA Football 2005
16-11-2015,1.62,Just Cause 2
17-11-2015,1.62,Rock Band
18-11-2015,1.62,Tony Hawk's American Wasteland (Old all region sales)
19-11-2015,1.62,Rage
20-11-2015,1.62,Mario Hoops 3 on 3
21-11-2015,1.62,Kirby Air Ride
22-11-2015,1.62,Sled Storm
23-11-2015,1.63,ESPN NFL 2K5
24-11-2015,1.63,Viva Pinata
25-11-2015,1.63,Pikmin
26-11-2015,1.63,Call of Duty: Black Ops
27-11-2015,1.63,Sonic Generations
28-11-2015,1.63,Tiger Woods PGA Tour 2004
29-11-2015,1.63,Ape Escape
30-11-2015,1.63,NBA 2K15
01-12-2015,1.64,Dragon Quest IV: Chapters of the Chosen
02-12-2015,1.64,Kirby & the Amazing Mirror
03-12-2015,1.64,LEGO Pirates of the Caribbean: The Video Game
04-12-2015,1.64,Dig Dug
05-12-2015,1.64,Tom Clancy's Rainbow Six
06-12-2015,1.64,Ghosts 'n Goblins
07-12-2015,1.64,Tiger Woods PGA Tour 2003
08-12-2015,1.64,NBA Live 06 (All region sales)
09-12-2015,1.64,Prince of Persia: Warrior Within
10-12-2015,1.64,Kinectimals
11-12-2015,1.64,Until Dawn
12-12-2015,1.65,Ms. Pac-Man
13-12-2015,1.65,Mario Party 6
14-12-2015,1.65,Super Scope 6
15-12-2015,1.65,Go Vacation
16-12-2015,1.65,Dragon Quest V: Tenkuu no Hanayome
17-12-2015,1.65,Army of Two
18-12-2015,1.66,Dying Light
19-12-2015,1.66,Heavenly Sword
20-12-2015,1.66,Street Fighter II': Special Champion Edition
21-12-2015,1.66,SSX
22-12-2015,1.66,Max Payne 3
23-12-2015,1.66,NBA Ballers
24-12-2015,1.66,Need for Speed Carbon
25-12-2015,1.66,NBA Live 2003
26-12-2015,1.66,Dragon Ball Z: Budokai Tenkaichi
27-12-2015,1.67,Shaun White Snowboarding: Road Trip
28-12-2015,1.67,SSX 3
29-12-2015,1.67,Big Beach Sports
30-12-2015,1.67,Madden NFL 2001
31-12-2015,1.67,Fight Night Round 3
01-01-2016,1.67,Knack
02-01-2016,1.67,Star Wars: Battlefront II
03-01-2016,1.67,Disney's DuckTales
04-01-2016,1.67,Tony Hawk's Pro Skater 3
05-01-2016,1.67,"Monsters, Inc."
06-01-2016,1.67,StarCraft II: Heart of the Swarm
07-01-2016,1.67,PGR: Project Gotham Racing 2
08-01-2016,1.67,Spy Hunter
09-01-2016,1.67,NCAA Football 2004
10-01-2016,1.67,SpongeBob SquarePants: Battle for Bikini Bottom
11-01-2016,1.68,Star Wars Battlefront: Renegade Squadron
12-01-2016,1.68,World Championship Poker: Featuring Howard Lederer - All In
13-01-2016,1.68,NFL GameDay 98
14-01-2016,1.68,LEGO Batman 2: DC Super Heroes
15-01-2016,1.68,Yoshi's Cookie
16-01-2016,1.68,Time Crisis
17-01-2016,1.68,The Sims: Superstar
18-01-2016,1.68,Star Wars The Clone Wars: Lightsaber Duels
19-01-2016,1.68,MySims
20-01-2016,1.68,Metroid Fusion
21-01-2016,1.69,SOCOM 3: U.S. Navy SEALs
22-01-2016,1.69,NBA 2K15
23-01-2016,1.69,Saints Row 2
24-01-2016,1.69,Saints Row IV
25-01-2016,1.69,Jampack Winter '99
26-01-2016,1.69,Dragon Age: Origins
27-01-2016,1.69,FIFA 16
28-01-2016,1.69,WCW vs. nWo: World Tour
29-01-2016,1.69,WCW/NWO Thunder
30-01-2016,1.69,Harry Potter and the Sorcerer's Stone
31-01-2016,1.69,Need For Speed: Undercover
01-02-2016,1.69,Dragon Ball Z: The Legacy of Goku
02-02-2016,1.69,Sid Meier's Civilization V
03-02-2016,1.69,Resident Evil 4
04-02-2016,1.69,Call of Duty Black Ops: Declassified
05-02-2016,1.7,Cabela's Big Game Hunter 2010
06-02-2016,1.7,The Crew
07-02-2016,1.7,FIFA Soccer 10
08-02-2016,1.7,We Ski
09-02-2016,1.7,Personal Trainer: Math
10-02-2016,1.7,Kirby's Return to Dreamland
11-02-2016,1.7,Super Puyo Puyo
12-02-2016,1.7,Ben 10: Protector of Earth
13-02-2016,1.7,NCAA Football 07
14-02-2016,1.71,The Sims 3: Late Night Expansion Pack
15-02-2016,1.71,Game Party 3
16-02-2016,1.71,Toy Story 2: Buzz Lightyear to the Rescue!
17-02-2016,1.71,Deal or No Deal
18-02-2016,1.71,Ace Combat 5: The Unsung War
19-02-2016,1.71,Need for Speed Underground
20-02-2016,1.71,Kanshuu Nippon Joushikiryoku Kentei Kyoukai: Imasara Hito ni wa Kikenai Otona no Joushikiryoku Training DS
21-02-2016,1.71,Tetris Worlds
22-02-2016,1.72,Rockstar Games Double Pack: Grand Theft Auto III & Grand Theft Auto Vice City
23-02-2016,1.72,The Order: 1886
24-02-2016,1.72,The Elder Scrolls Online
25-02-2016,1.72,Call of Duty: World at War Final Fronts
26-02-2016,1.72,Imagine: Teacher
27-02-2016,1.72,Call of Duty: Modern Warfare 3
28-02-2016,1.72,Madden NFL 2005
29-02-2016,1.72,Star Ocean: Till The End of Time
01-03-2016,1.73,Destiny
02-03-2016,1.73,SSX Tricky
03-03-2016,1.73,Overwatch
04-03-2016,1.73,Twisted Metal III
05-03-2016,1.73,Harry Potter and the Sorcerer's Stone
06-03-2016,1.73,Disney Infinity
07-03-2016,1.73,Crash Bandicoot: The Huge Adventure
08-03-2016,1.73,Dishonored
09-03-2016,1.74,Star Wars Episode I: The Phantom Menace
10-03-2016,1.74,Xenosaga Episode I: Der Wille zur Macht
11-03-2016,1.74,Portal 2
12-03-2016,1.74,The Beatles: Rock Band
13-03-2016,1.74,Forza Motorsport 6
14-03-2016,1.74,Sonic Colors
15-03-2016,1.74,Cruis'n USA
16-03-2016,1.74,Madden NFL 99
17-03-2016,1.74,Diablo III
18-03-2016,1.74,Uncharted: Golden Abyss
19-03-2016,1.75,Madden NFL 2000
20-03-2016,1.75,Kingdom Hearts
21-03-2016,1.75,Star Wars: Battlefront
22-03-2016,1.75,Pro Evolution Soccer
23-03-2016,1.75,Crackdown
24-03-2016,1.75,Yoshi
25-03-2016,1.75,Disney's Aladdin
26-03-2016,1.75,Kirby's Adventure
27-03-2016,1.75,Cooking Mama 3: Shop & Chop
28-03-2016,1.75,Dance Dance Revolution X
29-03-2016,1.75,2 Games in 1: Disney Princess & The Lion King
30-03-2016,1.76,Metroid II: Return of Samus
31-03-2016,1.76,WWF Attitude
01-04-2016,1.76,The SpongeBob SquarePants Movie
02-04-2016,1.76,Golden Sun
03-04-2016,1.76,Sonic the Hedgehog 3
04-04-2016,1.76,Kid Icarus
05-04-2016,1.76,Def Jam: Fight for NY
06-04-2016,1.76,Tom Clancy's Ghost Recon
07-04-2016,1.76,State of Emergency
08-04-2016,1.76,BioShock Infinite
09-04-2016,1.76,Hitman: Absolution
10-04-2016,1.76,2 Games in 1 Double Pack: The Incredibles / Finding Nemo: The Continuing Adventures
11-04-2016,1.76,Call of Duty: Black Ops 3
12-04-2016,1.76,The Urbz: Sims in the City
13-04-2016,1.76,FIFA Soccer 08
14-04-2016,1.76,Star Wars: Starfighter
15-04-2016,1.77,The Legend of Zelda: The Wind Waker
16-04-2016,1.77,50 Cent: Bulletproof
17-04-2016,1.77,High School Musical: Sing It!
18-04-2016,1.77,Wii Party U
19-04-2016,1.77,Madden NFL 25
21-04-2016,1.77,Final Fantasy II
22-04-2016,1.77,Kirby 64: The Crystal Shards
23-04-2016,1.77,Dead or Alive 3
24-04-2016,1.77,UFC 2009 Undisputed
25-04-2016,1.78,Kinect Star Wars
26-04-2016,1.78,Midnight Club II
27-04-2016,1.78,Dragon Quest Monsters: Joker
28-04-2016,1.78,SpongeBob SquarePants: SuperSponge
29-04-2016,1.78,The Getaway: Black Monday
30-04-2016,1.78,Professor Layton and the Mask of Miracle
01-05-2016,1.78,Just Cause 2
02-05-2016,1.78,Dragon's Dogma
03-05-2016,1.79,Call of Duty: Black Ops 3
04-05-2016,1.79,Disney's The Lion King
05-05-2016,1.79,Beyond: Two Souls
06-05-2016,1.8,Guitar Hero: World Tour
07-05-2016,1.8,Sonic Advance 2
08-05-2016,1.8,Madden NFL 07
09-05-2016,1.8,NBA 2K11
10-05-2016,1.8,NFL GameDay 2000
11-05-2016,1.81,Dragon Quest VI: Realms of Revelation
12-05-2016,1.81,The Evil Within
13-05-2016,1.81,DDRMAX2: Dance Dance Revolution
14-05-2016,1.81,Crazy Taxi
15-05-2016,1.81,Virtua Fighter 4
16-05-2016,1.81,Sly 2: Band of Thieves
17-05-2016,1.82,Kirby: Triple Deluxe
18-05-2016,1.82,Sonic & Knuckles
19-05-2016,1.82,Namco Museum
20-05-2016,1.82,The Sims: Hot Date
21-05-2016,1.82,Metroid Prime 3: Corruption
22-05-2016,1.83,"Hey You, Pikachu!"
23-05-2016,1.83,2 Games in 1: Sonic Advance & ChuChu Rocket!
24-05-2016,1.83,World of Warcraft: Mists of Pandaria
25-05-2016,1.83,Jet Moto
26-05-2016,1.83,Just Cause 3
27-05-2016,1.83,Secret of Mana
28-05-2016,1.83,The Orange Box
29-05-2016,1.83,Air Combat
30-05-2016,1.84,Gran Turismo Concept 2001 Tokyo
31-05-2016,1.84,Demon's Souls
01-06-2016,1.84,NCAA Football 06
02-06-2016,1.85,Mario Party: Island Tour
03-06-2016,1.85,Jak 3
04-06-2016,1.85,Rayman Raving Rabbids 2
05-06-2016,1.85,Kingdom Hearts: Chain of Memories
06-06-2016,1.85,Pinball
07-06-2016,1.85,inFAMOUS 2
08-06-2016,1.86,The Legend of Zelda: Oracle of Seasons
09-06-2016,1.86,Madden NFL 06
10-06-2016,1.86,Shrek 2
11-06-2016,1.86,The Legend of Dragoon
12-06-2016,1.86,Turok 2: Seeds of Evil
13-06-2016,1.86,SingStar
14-06-2016,1.86,LittleBigPlanet 3
15-06-2016,1.86,NBA Live 2002
16-06-2016,1.86,Phineas and Ferb
17-06-2016,1.86,Chrono Cross
18-06-2016,1.86,GoldenEye 007 (2010)
19-06-2016,1.87,High School Musical: Sing It!
20-06-2016,1.87,Star Fox Adventures
21-06-2016,1.87,FIFA 2000
22-06-2016,1.87,Dynasty Warriors 3
23-06-2016,1.87,Donkey Kong Country Returns
24-06-2016,1.88,Ratchet & Clank Future: A Crack in Time
25-06-2016,1.88,Yu-Gi-Oh! Forbidden Memories
26-06-2016,1.88,Mortal Kombat: Deception
27-06-2016,1.88,Hot Shots Golf 2
28-06-2016,1.88,Medal of Honor: European Assault (All Region sales)
29-06-2016,1.88,WCW Nitro
30-06-2016,1.89,Need for Speed Rivals
01-07-2016,1.89,Madden NFL 09
02-07-2016,1.89,Yokai Watch
03-07-2016,1.9,Star Wars Rogue Leader: Rogue Squadron II
04-07-2016,1.9,Max Payne 3
05-07-2016,1.91,Mario Party 3
06-07-2016,1.91,Star Wars: The Force Unleashed
07-07-2016,1.91,Game Party 2
08-07-2016,1.91,Destiny: The Taken King
09-07-2016,1.91,LEGO Star Wars III: The Clone Wars
10-07-2016,1.92,Tomb Raider (2013)
11-07-2016,1.92,The Legend of Zelda: Oracle of Ages
12-07-2016,1.92,Need for Speed: Shift
13-07-2016,1.92,Monopoly
14-07-2016,1.92,Red Faction
15-07-2016,1.92,The Sims: Makin' Magic
16-07-2016,1.92,MX Unleashed
17-07-2016,1.92,PaRappa The Rapper
18-07-2016,1.92,Toy Story Mania!
19-07-2016,1.93,X-Men Legends
20-07-2016,1.93,Batman: Arkham Origins
21-07-2016,1.93,Guitar Hero: World Tour
22-07-2016,1.93,Mortal Kombat II
23-07-2016,1.93,Virtua Fighter 2
24-07-2016,1.93,Tetris DX
25-07-2016,1.93,Mortal Kombat vs. DC Universe
26-07-2016,1.93,Watch Dogs
27-07-2016,1.93,Mario Super Sluggers
28-07-2016,1.94,Def Jam Vendetta
29-07-2016,1.94,FIFA Soccer 09
30-07-2016,1.94,Who wants to be a millionaire
31-07-2016,1.94,Scooby Doo and the Cyber Chase
01-08-2016,1.94,Alleyway
02-08-2016,1.94,Dragon Ball Z: Budokai 3
03-08-2016,1.94,Jet Moto 2
04-08-2016,1.94,Tom Clancy's Ghost Recon
05-08-2016,1.95,Destiny
06-08-2016,1.95,Crash Nitro Kart
07-08-2016,1.95,Grand Theft Auto: San Andreas
08-08-2016,1.95,Star Wars: Dark Forces
09-08-2016,1.95,NBA Street Vol. 2
10-08-2016,1.96,BioShock Infinite
11-08-2016,1.96,Hot Shots Golf: Open Tee
12-08-2016,1.96,Rad Racer
13-08-2016,1.96,Soccer
14-08-2016,1.96,Kirby Squeak Squad
15-08-2016,1.96,Tom Clancy's Rainbow Six: Vegas
16-08-2016,1.97,Dragon Age: Inquisition
17-08-2016,1.97,Sonic Classic Collection
18-08-2016,1.97,Spyro: Enter the Dragonfly
19-08-2016,1.97,Call of Duty: World at War
20-08-2016,1.97,Devil May Cry 2
21-08-2016,1.97,Burnout Paradise
22-08-2016,1.97,E.T.: The Extra Terrestrial
23-08-2016,1.98,Harry Potter and the Chamber of Secrets
24-08-2016,1.98,SimCity
25-08-2016,1.98,Battlefield 4
26-08-2016,1.98,Resident Evil 6
27-08-2016,1.99,Tenchu: Stealth Assassins
28-08-2016,1.99,Tennis
29-08-2016,1.99,Harry Potter and the Chamber of Secrets
30-08-2016,2,LEGO Marvel Super Heroes
31-08-2016,2,Fire Emblem: Awakening
01-09-2016,2,DriveClub
02-09-2016,2,Super Street Fighter II
03-09-2016,2,Mortal Kombat vs. DC Universe
04-09-2016,2.01,TouchMaster
05-09-2016,2.01,Tom Clancy's The Division
06-09-2016,2.02,Dead Space
07-09-2016,2.02,Call of Duty 2
08-09-2016,2.02,Madden NFL 15
09-09-2016,2.02,Forza Horizon
10-09-2016,2.03,Madden NFL 15
11-09-2016,2.03,1080°: TenEighty Snowboarding
12-09-2016,2.03,Just Dance 3
13-09-2016,2.03,NBA Live 2004
14-09-2016,2.04,Kingdom Hearts 358/2 Days
15-09-2016,2.04,Dance Central 2
16-09-2016,2.04,Rayman Raving Rabbids: TV Party
17-09-2016,2.04,SOCOM: U.S. Navy SEALs: Combined Assault
18-09-2016,2.04,Peter Jackson's King Kong: The Official Game of the Movie
19-09-2016,2.04,Donkey Kong Country
20-09-2016,2.04,Need for Speed: The Run
21-09-2016,2.05,Need for Speed: ProStreet
22-09-2016,2.05,Carnival Games
23-09-2016,2.05,NBA 2K14
24-09-2016,2.05,Pokémon Mystery Dungeon: Blue Rescue Team
25-09-2016,2.05,Sonic Mega Collection
26-09-2016,2.05,Diablo III
27-09-2016,2.05,NBA Jam
28-09-2016,2.05,PGR4 - Project Gotham Racing 4
29-09-2016,2.06,Need for Speed: ProStreet
30-09-2016,2.06,The Sims 3
01-10-2016,2.06,Tom Clancy's Splinter Cell: Conviction
02-10-2016,2.06,Pokemon Mystery Dungeon: Red/Blue Rescue Team
03-10-2016,2.06,The Incredibles
04-10-2016,2.06,R4: Ridge Racer Type 4
05-10-2016,2.06,SoulCalibur II
06-10-2016,2.06,Mario & Luigi: Dream Team
07-10-2016,2.07,Spec Ops: Airborne Commando
08-10-2016,2.07,Kingdom Hearts: Birth by Sleep
09-10-2016,2.07,UFC 2009 Undisputed
10-10-2016,2.07,Dark Souls
11-10-2016,2.07,Yu-Gi-Oh! The Eternal Duelist Soul
12-10-2016,2.08,World of Warcraft: Cataclysm
13-10-2016,2.08,Tetris Worlds
14-10-2016,2.08,Need For Speed: Undercover
15-10-2016,2.08,Dance Dance Revolution: Hottest Party
16-10-2016,2.08,Mario Party 5
17-10-2016,2.08,Ghostbusters: The Video Game (DS Version)
18-10-2016,2.08,Sim Theme Park
19-10-2016,2.08,Warcraft: Orcs & Humans
20-10-2016,2.08,Skate 3
21-10-2016,2.09,Devil May Cry 3: Dante's Awakening
22-10-2016,2.09,Derby Stallion
23-10-2016,2.09,Dead Rising
24-10-2016,2.09,Finding Nemo
25-10-2016,2.09,NBA 2K11
26-10-2016,2.09,Wipeout: The Game
27-10-2016,2.09,The Sims 2: Pets
28-10-2016,2.09,Battlefield: Hardline
29-10-2016,2.09,Metal Gear Solid: Peace Walker
30-10-2016,2.1,Parasite Eve
31-10-2016,2.1,Scooby-Doo! Night of 100 Frights
01-11-2016,2.1,Project Gotham Racing (JP weekly sales)
02-11-2016,2.1,Need for Speed: Most Wanted 5-1-0
03-11-2016,2.1,Portal 2
04-11-2016,2.11,NBA 2K12
05-11-2016,2.11,Borderlands
06-11-2016,2.11,Tony Hawk's Pro Skater
07-11-2016,2.11,PES 2009: Pro Evolution Soccer
08-11-2016,2.11,Need for Speed: Hot Pursuit 2
09-11-2016,2.11,Mario Sports Mix
10-11-2016,2.11,Rock Band
11-11-2016,2.11,Dynasty Warriors 4
12-11-2016,2.11,Mortal Kombat
13-11-2016,2.12,Toy Story 3: The Video Game
14-11-2016,2.12,Final Fantasy III
15-11-2016,2.12,Kirby's Epic Yarn
16-11-2016,2.12,Project Gotham Racing
17-11-2016,2.12,Golf
18-11-2016,2.13,Demon Attack
19-11-2016,2.13,Dance Dance Revolution Extreme
20-11-2016,2.13,Tetris DS
21-11-2016,2.13,Final Fantasy Tactics Advance
22-11-2016,2.13,Far Cry: Primal
23-11-2016,2.14,Call of Duty: Roads to Victory
24-11-2016,2.14,Super Mario RPG: Legend of the Seven Stars
25-11-2016,2.14,Mahjong
26-11-2016,2.14,R.C. Pro-Am
27-11-2016,2.14,SimCity 2000
28-11-2016,2.15,Syphon Filter 2
29-11-2016,2.15,Tom Clancy's Rainbow Six: Siege
30-11-2016,2.15,Volleyball
01-12-2016,2.15,FIFA 15
02-12-2016,2.16,The Sims: House Party
03-12-2016,2.16,Your Shape featuring Jenny McCarthy
04-12-2016,2.17,Mario & Luigi: Superstar Saga
05-12-2016,2.17,Final Fantasy XIII
06-12-2016,2.17,Star Wars: Rogue Squadron
07-12-2016,2.17,Tennis
08-12-2016,2.18,Yu-Gi-Oh: Duel Monsters 4
09-12-2016,2.18,ATV Offroad Fury 2
10-12-2016,2.18,Forza Motorsport 5
11-12-2016,2.18,Madden NFL 25
12-12-2016,2.18,Pokemon Ranger
13-12-2016,2.19,Pro Evolution Soccer 2012
14-12-2016,2.19,Saints Row
15-12-2016,2.19,Star Wars: Knights of the Old Republic
16-12-2016,2.19,Kirby's Pinball Land
17-12-2016,2.19,Donkey Kong Country
18-12-2016,2.19,Hitman: Absolution
19-12-2016,2.2,Rock Band 2
20-12-2016,2.2,Frogger
21-12-2016,2.2,Guitar Hero II
22-12-2016,2.2,Wario Land 3
23-12-2016,2.2,Pro Yakyuu Family Stadium
24-12-2016,2.2,Sonic Unleashed
25-12-2016,2.2,High School Musical: Makin' the Cut!
26-12-2016,2.21,BioShock 2
27-12-2016,2.21,Assassin's Creed IV: Black Flag
28-12-2016,2.21,Devil May Cry 3: Dante's Awakening Special Edition
29-12-2016,2.22,New Super Luigi U
30-12-2016,2.22,Prince of Persia: The Sands of Time
31-12-2016,2.22,Scribblenauts
01-01-2017,2.22,The Legend of Zelda: Link's Awakening DX
02-01-2017,2.22,Need for Speed: Hot Pursuit
03-01-2017,2.23,Spyro: Season of Ice
04-01-2017,2.23,Teenage Mutant Ninja Turtles II: The Arcade Game
05-01-2017,2.23,LEGO Indiana Jones: The Original Adventures
06-01-2017,2.23,Dance Dance Revolution X2
07-01-2017,2.24,Sonic Advance
08-01-2017,2.25,Minecraft
09-01-2017,2.25,Onimusha 2: Samurai's Destiny
10-01-2017,2.25,Cool Boarders 2
11-01-2017,2.25,Paper Mario: The Thousand-Year Door
12-01-2017,2.25,Madden NFL 12
13-01-2017,2.25,Monster Hunter Tri
14-01-2017,2.25,Dissidia: Final Fantasy
15-01-2017,2.26,Wario Land 4
16-01-2017,2.26,Guitar Hero III: Legends of Rock
17-01-2017,2.26,Call of Duty 3
18-01-2017,2.26,Resident Evil 4
19-01-2017,2.27,Paper Mario: Sticker Star
20-01-2017,2.27,Sonic's Ultimate Genesis Collection
21-01-2017,2.27,Super Monkey Ball: Banana Blitz
22-01-2017,2.27,Kirby: Nightmare in Dream Land
23-01-2017,2.28,Need for Speed Underground 2
24-01-2017,2.28,Pro Evolution Soccer 2010
25-01-2017,2.28,Just Dance 2015
26-01-2017,2.28,Yokai Watch Busters
27-01-2017,2.28,Mario Bros.
28-01-2017,2.28,FIFA Soccer 09
29-01-2017,2.28,Star Wars: The Force Unleashed
30-01-2017,2.28,Borderlands 2
31-01-2017,2.28,TOCA Touring Car Championship
01-02-2017,2.29,Dead Island
02-02-2017,2.29,Tomb Raider II
03-02-2017,2.29,God of War: Ascension
04-02-2017,2.3,LEGO Marvel Super Heroes
05-02-2017,2.3,Guild Wars 2
06-02-2017,2.3,Pokemon Ranger: Shadows of Almia
07-02-2017,2.31,James Bond 007: Everything or Nothing
08-02-2017,2.31,WarioWare Touched!
09-02-2017,2.31,Need For Speed: High Stakes
10-02-2017,2.31,Chrono Trigger
11-02-2017,2.31,Cool Boarders 3
12-02-2017,2.32,The Legend of Zelda: Majora's Mask 3D
13-02-2017,2.32,NBA 2K16
14-02-2017,2.32,Just Dance Kids
15-02-2017,2.32,Mario Tennis
16-02-2017,2.32,Grand Theft Auto
17-02-2017,2.33,The Sims 3
18-02-2017,2.34,Skylanders SWAP Force
19-02-2017,2.34,WWE SmackDown vs Raw 2008
20-02-2017,2.34,My Fitness Coach
21-02-2017,2.34,Resident Evil - Code: Veronica X
22-02-2017,2.35,LEGO Harry Potter: Years 1-4
23-02-2017,2.35,Donkey Kong Land II
24-02-2017,2.35,Dragon Warrior Monsters
25-02-2017,2.35,Midnight Club: Los Angeles
26-02-2017,2.36,Kinect Sports: Season Two
27-02-2017,2.36,Kirby's Dream Land 2
28-02-2017,2.37,Madden NFL 08
01-03-2017,2.37,Half-Life 2
02-03-2017,2.37,The Incredibles
03-03-2017,2.37,Tony Hawk's Underground 2
04-03-2017,2.37,Madden NFL 10
05-03-2017,2.38,Guitar Hero
06-03-2017,2.38,LEGO Star Wars: The Complete Saga
07-03-2017,2.38,Kinect: Disneyland Adventures
08-03-2017,2.38,WCW/nWo Revenge
09-03-2017,2.38,Bloodborne
10-03-2017,2.38,NBA 2K15
11-03-2017,2.38,Madden NFL 11
12-03-2017,2.38,Yu-Gi-Oh! The Duelists of the Roses
13-03-2017,2.39,Frogger's Adventures: Temple of the Frog
14-03-2017,2.39,Need for Speed (2015)
15-03-2017,2.39,Zumba Fitness
16-03-2017,2.39,LEGO Indiana Jones: The Original Adventures
17-03-2017,2.39,Monopoly
18-03-2017,2.39,Batman: Arkham Origins
19-03-2017,2.39,Dead Island
20-03-2017,2.4,Madden NFL 16
21-03-2017,2.4,Tetris Plus
22-03-2017,2.4,Pro Wrestling
23-03-2017,2.4,Theme Hospital
24-03-2017,2.41,Dragon Ball Z: Budokai 2
25-03-2017,2.41,ATV Offroad Fury
26-03-2017,2.41,Dino Crisis
27-03-2017,2.41,Minecraft
28-03-2017,2.41,Need for Speed: ProStreet
29-03-2017,2.42,Tom Clancy's Rainbow Six: Vegas 2
30-03-2017,2.42,Sonic Adventure
31-03-2017,2.42,Ice Hockey
01-04-2017,2.42,pro evolution soccer 2011
02-04-2017,2.43,The Sims: Bustin' Out
03-04-2017,2.43,Riven: The Sequel to Myst
04-04-2017,2.44,Twisted Metal 2
05-04-2017,2.44,Halo: Combat Evolved Anniversary
06-04-2017,2.44,Need for Speed Carbon: Own the City
07-04-2017,2.45,Midnight Club: Los Angeles
08-04-2017,2.45,Final Fantasy V
09-04-2017,2.45,Final Fantasy Tactics
10-04-2017,2.46,uDraw Studio
11-04-2017,2.47,NBA 2K14
12-04-2017,2.47,Mario Party 4
13-04-2017,2.48,Resistance 2
14-04-2017,2.48,Pure
15-04-2017,2.48,Tomb Raider: The Last Revelation
16-04-2017,2.48,NBA 2K13
17-04-2017,2.48,Rock Band
18-04-2017,2.49,Saints Row: The Third
20-04-2017,2.49,Rockstar Games Double Pack: Grand Theft Auto III & Grand Theft Auto Vice City
21-04-2017,2.49,LEGO Harry Potter: Years 1-4
22-04-2017,2.49,Mortal Kombat: Deadly Alliance
23-04-2017,2.5,Marvel: Ultimate Alliance
24-04-2017,2.5,PES 2009: Pro Evolution Soccer
25-04-2017,2.5,Mario Party 2
26-04-2017,2.51,Tomb Raider (2013)
27-04-2017,2.52,Crazy Taxi
28-04-2017,2.52,Perfect Dark
29-04-2017,2.52,Game Party
30-04-2017,2.52,Dragon Warrior
01-05-2017,2.53,Space Invaders
02-05-2017,2.54,Pokémon Colosseum
03-05-2017,2.54,Deca Sports
04-05-2017,2.54,Madden NFL 09
05-05-2017,2.56,Sonic Adventure 2 Battle
06-05-2017,2.56,Dragon Warrior II
07-05-2017,2.56,Madden NFL 13
08-05-2017,2.57,Ratchet & Clank: Up Your Arsenal
09-05-2017,2.57,Art Academy
10-05-2017,2.57,Dragon Age: Origins
11-05-2017,2.57,Madden NFL 08
12-05-2017,2.58,LittleBigPlanet
13-05-2017,2.58,Killzone: Shadow Fall
14-05-2017,2.58,Ghostbusters: The Video Game (DS Version)
15-05-2017,2.58,Monster Hunter Freedom 2
16-05-2017,2.58,WWE SmackDown vs. RAW 2007
17-05-2017,2.59,FIFA Soccer 09
18-05-2017,2.59,Ratchet & Clank Future: Tools of Destruction
19-05-2017,2.59,NBA Live 2005
20-05-2017,2.6,Super Mario All-Stars: Limited Edition
21-05-2017,2.6,Streets of Rage
22-05-2017,2.61,Style Savvy
23-05-2017,2.61,Harry Potter and the Chamber of Secrets
24-05-2017,2.62,ESPN NFL 2K5
25-05-2017,2.62,Mario Strikers Charged
26-05-2017,2.62,Medal of Honor
27-05-2017,2.62,FIFA Soccer 10
28-05-2017,2.62,NBA 2K12
29-05-2017,2.63,Midnight Club: Street Racing
30-05-2017,2.63,Pac-Man: Adventures in Time
31-05-2017,2.63,Halo Wars
01-06-2017,2.63,God of War Collection
02-06-2017,2.64,LEGO Star Wars: The Complete Saga
03-06-2017,2.65,Hannah Montana
04-06-2017,2.65,Tom Clancy's Splinter Cell
05-06-2017,2.65,Skylanders Giants
06-06-2017,2.65,Medal of Honor Heroes
07-06-2017,2.65,Super Mario Bros.: The Lost Levels
08-06-2017,2.65,Star Wars: Shadows of the Empire
09-06-2017,2.66,Fable
10-06-2017,2.67,Mortal Kombat
11-06-2017,2.67,Call Of Duty 2: Big Red One
12-06-2017,2.67,Guitar Hero: World Tour
13-06-2017,2.67,Medal of Honor
14-06-2017,2.68,Skate 3
15-06-2017,2.68,Burnout 3: Takedown
16-06-2017,2.68,Yokai Watch 2 Shinuchi
17-06-2017,2.68,Need for Speed: Shift
18-06-2017,2.68,Final Fantasy XIII-2
19-06-2017,2.69,Madden NFL 12
20-06-2017,2.69,LEGO Star Wars II: The Original Trilogy
21-06-2017,2.69,Madden NFL 11
22-06-2017,2.69,Mario vs. Donkey Kong: Mini-Land Mayhem!
23-06-2017,2.7,The Legend of Zelda: A Link to the Past
24-06-2017,2.7,Onimusha: Warlords
25-06-2017,2.7,Mortal Kombat X
26-06-2017,2.7,Mario Party
27-06-2017,2.71,Call of Duty 3
28-06-2017,2.72,L.A. Noire
29-06-2017,2.73,Pokémon Stadium 2
30-06-2017,2.73,Metroid
01-07-2017,2.74,Assassin's Creed IV: Black Flag
02-07-2017,2.75,Mario Paint
03-07-2017,2.76,Missile Command
04-07-2017,2.77,The Sims
05-07-2017,2.77,Sonic and the Secret Rings
06-07-2017,2.77,Saints Row: The Third
07-07-2017,2.78,Jak II
08-07-2017,2.78,inFAMOUS: Second Son
09-07-2017,2.78,Ratchet & Clank: Going Commando
10-07-2017,2.78,Tekken 6
11-07-2017,2.79,Hot Shots Golf
12-07-2017,2.79,Killzone 3
13-07-2017,2.79,A Bug's Life
14-07-2017,2.79,WWF SmackDown! Just Bring It
15-07-2017,2.79,Dragon Quest V: Tenkuu no Hanayome
16-07-2017,2.79,Mortal Kombat Trilogy
17-07-2017,2.79,Battlefield 3
18-07-2017,2.79,NBA Street
19-07-2017,2.79,Professor Layton and the Last Specter
20-07-2017,2.79,Monster Hunter Tri
21-07-2017,2.8,WWE SmackDown! Here Comes the Pain
22-07-2017,2.8,Star Wars: The Force Unleashed
23-07-2017,2.8,Yoshi's Island DS
24-07-2017,2.81,Myst
25-07-2017,2.81,Need for Speed: Hot Pursuit
26-07-2017,2.81,Imagine: Fashion Designer
27-07-2017,2.82,Metroid Prime
28-07-2017,2.82,Finding Nemo
29-07-2017,2.83,BioShock
30-07-2017,2.83,Madden NFL 10
31-07-2017,2.83,Medal of Honor
01-08-2017,2.83,WWE SmackDown! vs. Raw
02-08-2017,2.84,Assassin's Creed: Brotherhood
03-08-2017,2.85,Mortal Kombat
04-08-2017,2.85,F-Zero
05-08-2017,2.85,Yoshi's Story
06-08-2017,2.85,Command & Conquer: Red Alert
07-08-2017,2.85,Skylanders: Spyro's Adventure
08-08-2017,2.85,FIFA 16
09-08-2017,2.86,Call of Duty: Ghosts
10-08-2017,2.86,Madden NFL 13
11-08-2017,2.86,The Elder Scrolls III: Morrowind
12-08-2017,2.87,Colin McRae Rally
13-08-2017,2.88,Zumba Fitness 2
14-08-2017,2.88,Syphon Filter
15-08-2017,2.88,Imagine: Babyz
16-08-2017,2.89,Need for Speed: Most Wanted
17-08-2017,2.89,Hot Shots Golf 3
18-08-2017,2.89,Call of Duty: Finest Hour
19-08-2017,2.9,FIFA 14
20-08-2017,2.9,Titanfall
21-08-2017,2.9,Sonic Mega Collection Plus
22-08-2017,2.9,Sega Superstars Tennis
23-08-2017,2.9,World Soccer Winning Eleven 7 International
24-08-2017,2.91,Cooking Mama: Cook Off
25-08-2017,2.91,Super Mario World 2: Yoshi's Island
26-08-2017,2.92,WarioWare: Smooth Moves
27-08-2017,2.93,Mass Effect
28-08-2017,2.94,Wave Race 64
29-08-2017,2.94,SOCOM II: U.S. Navy SEALs
30-08-2017,2.94,WWE SmackDown! vs. RAW 2006
31-08-2017,2.94,inFAMOUS
01-09-2017,2.94,Pac-Man Collection
02-09-2017,2.95,Street Fighter IV
03-09-2017,2.96,Sonic Heroes
04-09-2017,2.96,Kirby Super Star Ultra
05-09-2017,2.96,Hitman 2: Silent Assassin
06-09-2017,2.97,Battlefield: Bad Company 2
07-09-2017,2.97,The Sims 4
08-09-2017,2.97,Star Wars: The Old Republic
09-09-2017,2.98,Animal Crossing: Happy Home Designer
10-09-2017,2.99,Middle-Earth: Shadow of Mordor
11-09-2017,2.99,Star Fox
12-09-2017,2.99,The Sims: Livin Large
13-09-2017,2.99,World Soccer Winning Eleven 6 International
14-09-2017,2.99,Devil May Cry
15-09-2017,3,Gears of War: Ultimate Edition
16-09-2017,3,NBA 2K13
17-09-2017,3,Dragon Ball Z: Budokai Tenkaichi 3
18-09-2017,3,wwe Smackdown vs. Raw 2006
19-09-2017,3.02,Killzone 2
20-09-2017,3.02,Tom Clancy's Splinter Cell
21-09-2017,3.02,Mike Tyson's Punch-Out!!
22-09-2017,3.02,WWE SmackDown! Shut Your Mouth
23-09-2017,3.03,Saints Row 2
24-09-2017,3.03,Rayman
25-09-2017,3.04,Far Cry 3
26-09-2017,3.04,Epic Mickey
27-09-2017,3.05,Kung Fu Panda
28-09-2017,3.07,Borderlands 2
29-09-2017,3.07,The Legend of Zelda: A Link Between Worlds
30-09-2017,3.07,Donkey Kong
01-10-2017,3.07,The Sims: Vacation
02-10-2017,3.07,Mass Effect 3
03-10-2017,3.08,Madden NFL 2002
04-10-2017,3.08,World Class Track Meet
05-10-2017,3.09,Dragon Ball Z: Budokai
06-10-2017,3.11,Mass Effect 2
07-10-2017,3.11,FIFA 15
08-10-2017,3.12,Need for Speed III: Hot Pursuit
09-10-2017,3.12,Star Wars Episode I Racer
10-10-2017,3.12,Personal Trainer: Cooking
11-10-2017,3.12,The Elder Scrolls IV: Oblivion
12-10-2017,3.12,Dragon Warrior IV
13-10-2017,3.12,Heavy Rain
14-10-2017,3.13,Spider-Man
15-10-2017,3.14,FIFA Soccer 08
16-10-2017,3.15,Animal Crossing
17-10-2017,3.15,LEGO Batman: The Videogame
18-10-2017,3.15,Sonic Rush
19-10-2017,3.15,Resident Evil 6
20-10-2017,3.15,Halo: The Master Chief Collection
21-10-2017,3.16,Club Penguin: Elite Penguin Force
22-10-2017,3.17,Fallout: New Vegas
23-10-2017,3.17,LEGO Batman: The Videogame
24-10-2017,3.17,Rhythm Heaven
25-10-2017,3.17,Ace Combat 04: Shattered Skies
26-10-2017,3.18,Enter the Matrix
27-10-2017,3.18,Super Mario Maker
28-10-2017,3.19,Crisis Core: Final Fantasy VII
29-10-2017,3.19,God of War: Chains of Olympus
30-10-2017,3.19,Dragon Quest VI: Maboroshi no Daichi
31-10-2017,3.19,Dance Central
01-11-2017,3.2,Baseball
02-11-2017,3.2,Killer Instinct
03-11-2017,3.2,WWF SmackDown! 2: Know Your Role
04-11-2017,3.21,007: Tomorrow Never Dies
05-11-2017,3.22,Madden NFL 16
06-11-2017,3.22,Yokai Watch 2 Ganso/Honke
07-11-2017,3.23,FIFA 16
08-11-2017,3.23,L.A. Noire
09-11-2017,3.24,Tekken
10-11-2017,3.26,Monster Hunter X
11-11-2017,3.27,True Crime: Streets of LA
12-11-2017,3.27,Wii Music
13-11-2017,3.27,Gran Turismo (PSP)
14-11-2017,3.28,The Lord of the Rings: The Return of the King
15-11-2017,3.28,Assassin's Creed Syndicate
16-11-2017,3.28,Destiny
17-11-2017,3.31,Max Payne
18-11-2017,3.32,Mario Party 9
19-11-2017,3.32,Star Wars Episode III: Revenge of the Sith
20-11-2017,3.33,English Training: Have Fun Improving Your Skills!
21-11-2017,3.33,James Bond 007: Nightfire
22-11-2017,3.33,Ratchet & Clank
23-11-2017,3.34,Rugrats: Search For Reptar
24-11-2017,3.34,Assassin's Creed IV: Black Flag
25-11-2017,3.36,WWF War Zone
26-11-2017,3.36,The Legend of Zelda: Majora's Mask
27-11-2017,3.36,Professor Layton and the Unwound Future
28-11-2017,3.38,LEGO Batman: The Videogame
29-11-2017,3.38,Metal Gear Solid V: The Phantom Pain
30-11-2017,3.38,The Legend of Zelda: Spirit Tracks
01-12-2017,3.39,Crash Bash
02-12-2017,3.4,FIFA Soccer 2003
03-12-2017,3.41,Spider-Man 2
04-12-2017,3.41,F-1 Race
05-12-2017,3.42,LittleBigPlanet 2
06-12-2017,3.42,Grand Theft Auto 2
07-12-2017,3.42,Final Fantasy III
08-12-2017,3.43,Battlefield 4
09-12-2017,3.44,Monster Hunter 4
10-12-2017,3.44,Borderlands
11-12-2017,3.44,Tekken 4
12-12-2017,3.45,Far Cry 3
13-12-2017,3.46,Assassin's Creed: Unity
14-12-2017,3.48,Battlefield: Bad Company 2
15-12-2017,3.48,Guitar Hero: On Tour
16-12-2017,3.49,FIFA Soccer 2004
17-12-2017,3.49,Star Wars Battlefront (2015)
18-12-2017,3.5,Assassin's Creed: Brotherhood
19-12-2017,3.5,Kung Fu
20-12-2017,3.5,Batman: Arkham Asylum
21-12-2017,3.5,Clubhouse Games
22-12-2017,3.51,Resident Evil 5
23-12-2017,3.51,Donkey Kong Country 3: Dixie Kong's Double Trouble!
24-12-2017,3.52,Rugrats in Paris: The Movie
25-12-2017,3.52,Spyro 2: Ripto's Rage!
26-12-2017,3.52,Left 4 Dead
27-12-2017,3.52,Mario & Sonic at the Olympic Winter Games
28-12-2017,3.53,James Bond 007: Agent Under Fire
29-12-2017,3.53,LEGO Star Wars: The Video Game
30-12-2017,3.53,Battlefield 4
31-12-2017,3.53,FIFA Soccer 11
01-01-2018,3.54,Grand Theft Auto: Liberty City Stories
02-01-2018,3.54,The Getaway
03-01-2018,3.54,Tomb Raider III: Adventures of Lara Croft
04-01-2018,3.56,Croc: Legend of the Gobbos
05-01-2018,3.58,WWF SmackDown!
06-01-2018,3.59,Star Wars: Battlefront II
07-01-2018,3.6,Luigi's Mansion
08-01-2018,3.61,Tom Clancy's The Division
09-01-2018,3.61,Star Wars: Battlefront
10-01-2018,3.61,Doom II: Hell on Earth
11-01-2018,3.61,The Simpsons: Road Rage
12-01-2018,3.61,Cooking Mama 2: Dinner With Friends
13-01-2018,3.62,Resident Evil 4
14-01-2018,3.63,Pokemon Snap
15-01-2018,3.63,FIFA Soccer 10
16-01-2018,3.63,Pro Evolution Soccer 2008
17-01-2018,3.63,Call of Duty: Ghosts
18-01-2018,3.64,Gran Turismo 6
19-01-2018,3.64,Jak and Daxter: The Precursor Legacy
20-01-2018,3.65,Banjo-Kazooie
21-01-2018,3.65,SOCOM: U.S. Navy SEALs
22-01-2018,3.65,Guitar Hero: World Tour
23-01-2018,3.66,Midnight Club 3: DUB Edition
24-01-2018,3.67,Friend Collection
25-01-2018,3.67,Tony Hawk's Pro Skater 4
26-01-2018,3.69,Battlefield 4
27-01-2018,3.69,MySims
28-01-2018,3.7,FIFA Soccer 2005
29-01-2018,3.7,Pokémon Trading Card Game
30-01-2018,3.71,Spyro: Year of the Dragon
31-01-2018,3.72,Resident Evil 3: Nemesis
01-02-2018,3.73,Harry Potter and the Sorcerer's Stone
02-02-2018,3.73,The Witcher 3: Wild Hunt
03-02-2018,3.76,Just Dance 2014
04-02-2018,3.76,The Sims: Unleashed
05-02-2018,3.76,Super Paper Mario
06-02-2018,3.77,Resident Evil Director's Cut
07-02-2018,3.77,Ratchet & Clank: Size Matters
08-02-2018,3.78,Mario & Sonic at the London 2012 Olympic Games
09-02-2018,3.78,LEGO Indiana Jones: The Original Adventures
10-02-2018,3.79,Batman: Arkham Knight
11-02-2018,3.81,Nintendogs + cats
12-02-2018,3.82,Big Brain Academy: Wii Degree
13-02-2018,3.83,The Legend of Zelda: Link's Awakening
14-02-2018,3.83,Mario & Luigi: Bowser's Inside Story
15-02-2018,3.84,Flash Focus: Vision Training in Minutes a Day
16-02-2018,3.84,Namco Museum Vol.1
17-02-2018,3.85,NBA 2K16
18-02-2018,3.85,World Soccer Winning Eleven 8 International
19-02-2018,3.87,Tekken 5
20-02-2018,3.87,Dragon Warrior III
21-02-2018,3.87,Sports Champions
22-02-2018,3.88,MotorStorm
23-02-2018,3.88,The Elder Scrolls V: Skyrim
24-02-2018,3.89,Assassin's Creed IV: Black Flag
25-02-2018,3.89,Monster Hunter 4 Ultimate
26-02-2018,3.9,Tony Hawk's Underground
27-02-2018,3.91,Donkey Kong Land
28-02-2018,3.92,EA Sports Active
01-03-2018,3.92,Assassin's Creed: Unity
02-03-2018,3.98,Namco Museum: 50th Anniversary
03-03-2018,3.99,Left 4 Dead 2
04-03-2018,4,Professor Layton and the Diabolical Box
05-03-2018,4.01,Golf
06-03-2018,4.01,Fallout 3
07-03-2018,4.02,Minecraft
08-03-2018,4.03,Far Cry 4
09-03-2018,4.03,Star Fox 64
10-03-2018,4.05,Namco Museum Vol.3
11-03-2018,4.05,Tekken Tag Tournament
12-03-2018,4.06,Forza Motorsport 2
13-03-2018,4.06,World Soccer Winning Eleven 9
14-03-2018,4.07,God of War II
15-03-2018,4.08,Fallout: New Vegas
16-03-2018,4.09,Fallout 4
17-03-2018,4.09,World of Warcraft: The Burning Crusade
18-03-2018,4.1,The Legend of Zelda: Skyward Sword
19-03-2018,4.1,Street Fighter II Turbo
20-03-2018,4.1,Carnival Games
21-03-2018,4.11,FIFA Soccer 07
22-03-2018,4.12,Half-Life
23-03-2018,4.12,Super Mario World 2: Yoshi's Island
24-03-2018,4.14,Madden NFL 2003
25-03-2018,4.14,Watch Dogs
26-03-2018,4.16,Excitebike
27-03-2018,4.16,Frogger
28-03-2018,4.17,Teenage Mutant Ninja Turtles
29-03-2018,4.19,Assassin's Creed: Revelations
30-03-2018,4.19,Street Fighter IV
31-03-2018,4.19,FIFA 12
01-04-2018,4.2,EyeToy Play
02-04-2018,4.2,Uncharted 4: A Thief's End
03-04-2018,4.2,Gran Turismo 5 Prologue
04-04-2018,4.21,Warcraft II: Tides of Darkness
05-04-2018,4.21,The Legend of Zelda: Ocarina of Time
06-04-2018,4.21,FIFA Soccer 06
07-04-2018,4.22,Daxter
08-04-2018,4.23,Metal Gear Solid 3: Snake Eater
09-04-2018,4.24,Assassin's Creed: Revelations
10-04-2018,4.24,Namco Museum
11-04-2018,4.25,Super Mario 3D World
12-04-2018,4.25,Batman: Arkham Asylum
13-04-2018,4.26,Halo 5: Guardians
14-04-2018,4.31,FIFA 14
15-04-2018,4.31,Call of Duty: Advanced Warfare
16-04-2018,4.31,Asteroids
17-04-2018,4.31,Fable II
18-04-2018,4.33,Kingdom Hearts II
19-04-2018,4.34,Sonic the Hedgehog
20-04-2018,4.35,Resistance: Fall of Man
21-04-2018,4.37,Need for Speed: Most Wanted
22-04-2018,4.38,Zelda II: The Adventure of Link
23-04-2018,4.39,Winning Eleven: Pro Evolution Soccer 2007
24-04-2018,4.39,The Elder Scrolls IV: Oblivion
25-04-2018,4.41,Tony Hawk's Pro Skater 3
26-04-2018,4.42,Michael Jackson: The Experience
27-04-2018,4.44,Nintendo Land
28-04-2018,4.45,Call of Duty: Advanced Warfare
29-04-2018,4.45,God of War
30-04-2018,4.47,Dragon Quest VII: Warriors of Eden
01-05-2018,4.47,Uncharted: The Nathan Drake Collection
02-05-2018,4.48,Spider-Man: The Movie
03-05-2018,4.49,Madden NFL 07
04-05-2018,4.5,Pitfall!
05-05-2018,4.53,Guitar Hero III: Legends of Rock
06-05-2018,4.53,Madden NFL 2005
07-05-2018,4.55,The Last of Us
08-05-2018,4.57,Splatoon
09-05-2018,4.58,Mario & Sonic at the Olympic Winter Games
10-05-2018,4.58,Luigi's Mansion: Dark Moon
11-05-2018,4.6,The Legend of Zelda: The Wind Waker
12-05-2018,4.61,The Legend of Zelda: A Link to the Past
13-05-2018,4.62,Guitar Hero III: Legends of Rock
14-05-2018,4.63,Tomb Raider
15-05-2018,4.64,Forza Motorsport 4
16-05-2018,4.67,The Lord of the Rings: The Two Towers
17-05-2018,4.68,Tony Hawk's Pro Skater 2
18-05-2018,4.68,Animal Crossing: City Folk
19-05-2018,4.7,The Simpsons: Hit & Run
20-05-2018,4.73,Driver 2
21-05-2018,4.76,Batman: Arkham City
22-05-2018,4.77,FIFA 17
23-05-2018,4.79,Crash Team Racing
24-05-2018,4.82,FIFA 15
25-05-2018,4.83,StarCraft II: Wings of Liberty
26-05-2018,4.83,Assassin's Creed
27-05-2018,4.84,God of War III
28-05-2018,4.85,Dr. Mario
29-05-2018,4.87,Monster Hunter Freedom 3
30-05-2018,4.88,Diddy Kong Racing
31-05-2018,4.9,LEGO Star Wars: The Complete Saga
01-06-2018,4.91,Madden NFL 06
02-06-2018,4.94,Uncharted: Drake's Fortune
03-06-2018,4.96,Fallout 3
04-06-2018,4.96,Pokemon Mystery Dungeon: Explorers of Time/Explorers of Darkness
05-06-2018,4.98,Guitar Hero III: Legends of Rock
06-06-2018,5,Spyro the Dragon
07-06-2018,5,Link's Crossbow Training
08-06-2018,5.01,Warzone 2100
09-06-2018,5.02,Tony Hawk's Pro Skater
10-06-2018,5.02,Super Smash Bros. for Wii U and 3DS
11-06-2018,5.05,Resident Evil
12-06-2018,5.07,Super Mario Bros.
13-06-2018,5.08,Grand Theft Auto V
14-06-2018,5.08,Grand Theft Auto: Vice City Stories
15-06-2018,5.08,FIFA Soccer 11
16-06-2018,5.11,Resident Evil 5
17-06-2018,5.12,Microsoft Flight Simulator
18-06-2018,5.12,Guitar Hero II
19-06-2018,5.13,Medal of Honor: Rising Sun
20-06-2018,5.13,Kirby's Dream Land
21-06-2018,5.13,Fable III
22-06-2018,5.13,Call of Duty: Advanced Warfare
23-06-2018,5.14,Mario & Sonic at the Olympic Games
24-06-2018,5.15,Donkey Kong Country 2: Diddy's Kong Quest
25-06-2018,5.15,Tomodachi Life
26-06-2018,5.17,The Legend of Zelda: Phantom Hourglass
27-06-2018,5.18,FIFA Soccer 13
28-06-2018,5.19,New Super Mario Bros. U
29-06-2018,5.19,Super Mario Land 3: Wario Land
30-06-2018,5.2,Diablo III
01-07-2018,5.2,Super Mario Bros. 3
02-07-2018,5.21,Dragon Quest VIII: Journey of the Cursed King
03-07-2018,5.23,Madden NFL 2004
04-07-2018,5.24,Tomb Raider II
05-07-2018,5.26,Professor Layton and the Curious Village
06-07-2018,5.27,Donkey Kong 64
07-07-2018,5.27,Assassin's Creed II
08-07-2018,5.29,Final Fantasy X-2
09-07-2018,5.3,Assassin's Creed III
10-07-2018,5.3,Final Fantasy IX
11-07-2018,5.31,Pokemon Pinball
12-07-2018,5.34,Dr. Mario
13-07-2018,5.36,Final Fantasy XIII
14-07-2018,5.42,Crash Bandicoot: The Wrath of Cortex
15-07-2018,5.42,Minecraft
16-07-2018,5.43,Call of Duty: World at War
17-07-2018,5.45,Pokemon Stadium
18-07-2018,5.46,Super Mario World
19-07-2018,5.47,Mario Kart: Super Circuit
20-07-2018,5.49,Super Mario Advance
21-07-2018,5.5,Monster Hunter Freedom Unite
22-07-2018,5.51,Forza Motorsport 3
23-07-2018,5.53,Batman: Arkham City
24-07-2018,5.55,Super Smash Bros.
25-07-2018,5.55,Assassin's Creed
26-07-2018,5.57,Assassin's Creed II
27-07-2018,5.58,Tetris
28-07-2018,5.65,Destiny
29-07-2018,5.72,Cooking Mama
30-07-2018,5.74,Tekken 2
31-07-2018,5.82,Resident Evil 2
01-08-2018,5.83,LEGO Star Wars: The Complete Saga
02-08-2018,5.84,Dragon Quest IX: Sentinels of the Starry Skies
03-08-2018,5.92,LittleBigPlanet
04-08-2018,5.95,Final Fantasy XII
05-08-2018,5.99,The Last of Us
06-08-2018,6.03,Sonic the Hedgehog 2
07-08-2018,6.03,Metal Gear Solid 4: Guns of the Patriots
08-08-2018,6.03,Metal Gear Solid
09-08-2018,6.05,Metal Gear Solid 2: Sons of Liberty
10-08-2018,6.11,Gears of War
11-08-2018,6.24,Kinect Sports
12-08-2018,6.24,Gears of War 3
13-08-2018,6.27,Driver
14-08-2018,6.28,World of Warcraft
15-08-2018,6.3,Street Fighter II: The World Warrior
16-08-2018,6.31,Super Mario Sunshine
17-08-2018,6.34,Red Dead Redemption
18-08-2018,6.36,Halo 3: ODST
19-08-2018,6.39,Pokémon Crystal Version
20-08-2018,6.4,Kingdom Hearts
21-08-2018,6.41,Pokémon Emerald Version
22-08-2018,6.43,Halo: Combat Evolved
23-08-2018,6.5,Assassin's Creed III
24-08-2018,6.51,The Legend of Zelda
25-08-2018,6.56,The Elder Scrolls V: Skyrim
26-08-2018,6.59,FIFA 15
27-08-2018,6.59,Donkey Kong Country Returns
28-08-2018,6.6,Red Dead Redemption
29-08-2018,6.67,Big Brain Academy
30-08-2018,6.69,FIFA 12
31-08-2018,6.72,Call of Duty 4: Modern Warfare
01-09-2018,6.73,Uncharted 2: Among Thieves
02-09-2018,6.76,Gears of War 2
03-09-2018,6.81,Zumba Fitness
04-09-2018,6.82,Crash Bandicoot
05-09-2018,6.83,Medal of Honor: Frontline
06-09-2018,6.83,Uncharted 3: Drake's Deception
07-09-2018,6.9,FIFA 14
08-09-2018,6.9,Need for Speed Underground 2
09-09-2018,6.91,Just Dance 4
10-09-2018,6.95,Mario Kart: Double Dash!!
11-09-2018,6.96,Mario Kart 8
12-09-2018,6.96,Fallout 4
13-09-2018,7.07,Super Smash Bros. Melee
14-09-2018,7.13,Crash Bandicoot 3: Warped
15-09-2018,7.16,Tekken 3
16-09-2018,7.2,Need for Speed Underground
17-09-2018,7.23,Battlefield 3
18-09-2018,7.27,Just Dance
19-09-2018,7.3,Call of Duty: Black Ops 3
20-09-2018,7.31,The Legend of Zelda: Twilight Princess
21-09-2018,7.34,Battlefield 3
22-09-2018,7.37,Call of Duty: World at War
23-09-2018,7.45,Super Smash Bros. for Wii U and 3DS
24-09-2018,7.46,Super Mario Bros. 2
25-09-2018,7.58,Crash Bandicoot 2: Cortex Strikes Back
26-09-2018,7.6,Call of Duty: Advanced Warfare
27-09-2018,7.6,The Legend of Zelda: Ocarina of Time
28-09-2018,7.67,Star Wars Battlefront (2015)
29-09-2018,7.69,Super Mario Galaxy 2
30-09-2018,7.72,Grand Theft Auto: Liberty City Stories
01-10-2018,7.81,Pac-Man
02-10-2018,7.84,Pokémon Platinum Version
03-10-2018,7.86,Final Fantasy VIII
04-10-2018,8.05,Final Fantasy X
05-10-2018,8.06,Mario & Sonic at the Olympic Games
06-10-2018,8.09,GoldenEye 007
07-10-2018,8.11,The Sims 3
08-10-2018,8.24,FIFA Soccer 13
09-10-2018,8.33,Pokemon Black 2/Pokemon White 2
10-10-2018,8.42,Mario Party 8
11-10-2018,8.49,FIFA 16
12-10-2018,8.49,Wii Party
13-10-2018,8.49,Halo 2
14-10-2018,8.76,Super Mario Kart
15-10-2018,8.84,The Elder Scrolls V: Skyrim
16-10-2018,9.02,Mario Party DS
17-10-2018,9.09,Animal Crossing: New Leaf
18-10-2018,9.2,Minecraft
20-10-2018,9.3,Donkey Kong Country
21-10-2018,9.32,Call of Duty 4: Modern Warfare
22-10-2018,9.49,Gran Turismo 2
23-10-2018,9.52,Just Dance 2
24-10-2018,9.59,Call of Duty: Ghosts
25-10-2018,9.72,Final Fantasy VII
26-10-2018,9.76,Halo 4
27-10-2018,9.82,New Super Mario Bros. 2
28-10-2018,9.87,Mario Kart 64
29-10-2018,9.88,Halo: Reach
30-10-2018,10.21,Call of Duty: Ghosts
31-10-2018,10.26,Just Dance 3
01-11-2018,10.42,Super Mario 64
02-11-2018,10.49,Pokemon FireRed/Pokemon LeafGreen
03-11-2018,10.55,Super Mario All-Stars
04-11-2018,10.57,Grand Theft Auto IV
05-11-2018,10.69,Call of Duty: Modern Warfare 2
06-11-2018,10.77,Gran Turismo 5
07-11-2018,10.79,Super Mario 3D Land
08-11-2018,10.95,Gran Turismo
09-11-2018,11.02,Grand Theft Auto IV
10-11-2018,11.18,Super Mario Land 2: 6 Golden Coins
11-11-2018,11.33,Pokemon Omega Ruby/Pokemon Alpha Sapphire
12-11-2018,11.52,Super Mario Galaxy
13-11-2018,11.66,Gran Turismo 4
14-11-2018,11.89,Super Mario 64
15-11-2018,11.9,Pokemon HeartGold/Pokemon SoulSilver
16-11-2018,11.98,Grand Theft Auto V
17-11-2018,12.14,Halo 3
18-11-2018,12.21,Mario Kart 7
19-11-2018,12.27,Animal Crossing: Wild World
20-11-2018,12.73,Call of Duty: Black Ops
21-11-2018,13.04,Super Smash Bros. Brawl
22-11-2018,13.1,Grand Theft Auto III
23-11-2018,13.46,Call of Duty: Modern Warfare 3
24-11-2018,13.51,Call of Duty: Modern Warfare 2
25-11-2018,13.73,Call of Duty: Black Ops II
26-11-2018,14.03,Call of Duty: Black Ops II
27-11-2018,14.24,Call of Duty: Black Ops 3
28-11-2018,14.35,Pokemon X/Pokemon Y
29-11-2018,14.64,Pokémon Yellow: Special Pikachu Edition
30-11-2018,14.64,Call of Duty: Black Ops
01-12-2018,14.76,Call of Duty: Modern Warfare 3
02-12-2018,14.98,Gran Turismo 3: A-Spec
03-12-2018,15.3,Brain Age 2: More Training in Minutes a Day
04-12-2018,15.32,Pokemon Black/Pokemon White
05-12-2018,15.85,Pokemon Ruby/Pokemon Sapphire
06-12-2018,16.15,Grand Theft Auto: Vice City
07-12-2018,16.38,Grand Theft Auto V
08-12-2018,17.28,Super Mario Bros. 3
09-12-2018,18.14,Super Mario Land
10-12-2018,18.36,Pokemon Diamond/Pokemon Pearl
11-12-2018,20.22,Brain Age: Train Your Brain in Minutes a Day
12-12-2018,20.61,Super Mario World
13-12-2018,20.81,Grand Theft Auto: San Andreas
14-12-2018,21.4,Grand Theft Auto V
15-12-2018,21.82,Kinect Adventures!
16-12-2018,22,Wii Fit Plus
17-12-2018,22.72,Wii Fit
18-12-2018,23.1,Pokemon Gold/Pokemon Silver
19-12-2018,23.42,Mario Kart DS
20-12-2018,24.76,Nintendogs
21-12-2018,28.31,Duck Hunt
22-12-2018,28.62,New Super Mario Bros. Wii
23-12-2018,29.02,Wii Play
24-12-2018,30.01,New Super Mario Bros.
25-12-2018,30.26,Tetris
26-12-2018,31.37,Pokemon Red/Pokemon Blue
27-12-2018,33,Wii Sports Resort
28-12-2018,35.82,Mario Kart Wii
29-12-2018,40.24,Super Mario Bros.
30-12-2018,82.74,Wii Sports
